"BC SKU","Product Name","Brand","Stock Level","Price","BC Product ID","Has Inventory?","Notes"
"UN - AM06","Auromere Neem Picks 100 Picks","Auromere","0","6.95","659","NO",""
"UN - AC73","Amazonia Greens 120g","Amazonia","0","34.95","606","NO",""
"UN - AC74","Amazonia Greens 300g","Amazonia","0","74.95","607","NO",""
"UN - EH07","Alaffia Lavender Body Wash 950 ml","Alaffia","0","34.95","1257","NO",""
"UN - EH08","Alaffia Vanilla Mint Body Wash 950ml","Alaffia","0","34.95","1258","NO",""
"UN - EH10","Alaffia Lavender Body Lotion 950ml","Alaffia","0","34.95","1261","NO",""
"UN - EH11","Alaffia Vanilla Body Lotion 950ml","Alaffia","0","34.95","1262","NO",""
"UN - EH16","Alaffia Body Lotion Purely Coconut 950ml","Alaffia","0","34.95","1264","NO",""
"UN - EH04","Alaffia Lavender Conditioner 950ml","Alaffia","0","34.95","1265","NO",""
"UN - EH05","Alaffia Vanilla Mint Conditioner 950ml","Alaffia","0","34.95","1266","NO",""
"UN - EH14","Alaffia Coconut Conditioner 950ml","Alaffia","0","34.95","1268","NO",""
"UN - EH03","Alaffia Unscented Shampoo 950 ml","Alaffia","0","34.95","1271","NO",""
"UN - EH13","Alaffia Coconut Shampoo Purely Coconut 950ml","Alaffia","0","34.95","1272","NO",""
"UN - GK04","Giovanni 2Chic Brazilian Keratin/Argan Oil Blow Out Styling Mist 118ml","Giovanni","0","17.95","1342","NO",""
"UN - GV25","Giovanni Smooth As Silk Extreme Protein Hair Infusion 150ml","Giovanni","0","18.95","1347","NO",""
"UN - GV98","Giovanni Hot Chocolate Sugar Scrub 260g","Giovanni","0","24.95","1349","NO",""
"UN - GV36","Giovanni 50/50 Balanced Conditioner 1 Litre","Giovanni","0","49.95","1356","NO",""
"UN - GV33","Giovanni 50/50 Balanced Shampoo 1 Litre","Giovanni","0","49.95","1360","NO",""
"UN - GW02","Giovanni Wellness System Conditioner With Chinese Botanicals 250ml","Giovanni","0","21.95","1368","NO",""
"UN - NT19","Natracare Incontinence Pads 20 Pads","Natracare","0","10.99","1712","NO",""
"UN - NT06","Natracare Super Ultra Wings Pads 12 Pads","Natracare","0","8.49","1722","NO",""
"UN - NT22","Natracare Super Plus Ultra Pads 12 Pads","Natracare","0","8.49","1723","NO",""
"UN - NT04","Natracare Night Time Pads 10 Pads","Natracare","0","10.69","1724","NO",""
"UN - NT23","Natracare Longr Ultra Wings Pads 10 Pads","Natracare","0","8.49","1726","NO",""
"UN - NS52","Naturally Sweet Xylitol Icing Sugar 500gr","Naturally Sweet","0","19.95","1787","NO",""
"UN - NO31","Nirvana Organics Herb Blend Grinder 90g","Nirvana Organics","0","8.95","1856","NO",""
"UN - PT09","Protein Supplies Australia Whey Protein Isolate (WPI) 3kg","Protein Supplies","0","146.95","2223","NO",""
"UN - PT08","Protein Supplies Australia Whey Protein Concentrate (WPC) 3kg","Protein Supplies","0","126.95","2222","NO",""
"UN - AC84","Amazonia Vitamin C 120G","Amazonia","0","35.95","6354","NO",""
"UN - OG36","Organic Times Chocolate (Organic) Little Gems 500g","Organic Times","0","33.95","6527","NO",""
"UN - TM58","Tom Organic Maternity Pads Ultra Absorbent For Post Birth","Tom Organic","0","32.97","6668","NO",""
"UN - AF01","Alaffia African Black Soap Peppermint 476ml","Alaffia","0","24.95","6706","NO",""
"UN - PT60","Protein Supplies Australia Raw Pure Pea Protein 3kg","Protein Supplies","0","119.95","6752","NO",""
"UN - PT69","Protein Supplies Australia Chocolate Whey Protein Isolate (WPI) 3kg","Protein Supplies","0","209.95","6753","NO",""
"UN - DC163","Dr Organic Dead Sea Mineral Roll On Deodorant 50ml","Dr Organic","0","14.95","6918","NO",""
"UN - AF02","Alaffia African Black Soap Tangerine Citrus 476ml","Alaffia","0","19.95","7757","NO",""
"UN - EH21","Alaffia Lip Balm Coconut Mint 4.25g","Alaffia","0","6.95","7758","NO",""
"UN - AC97","Amazonia Greens 600g","Amazonia","0","134.95","7764","NO",""
"UN - AF03","Alaffia African Black Soap Lavender Ylang Ylang 476ml","Alaffia","0","19.95","7863","NO",""
"UN - EH22","Alaffia Lip Balm Coconut Pineapple 4.25g","Alaffia","0","4.95","7864","NO",""
"UN - DC17","Dr Organic Lavender Conditioner 265ml.","Dr Organic","0","14.95","8171","NO",""
"UN - GK52","Giovanni 2Chic Ultra Luxurious Shampoo 44ml","Giovanni","0","4.95","8237","NO",""
"UN - GK64","Giovanni 2Chic Pineapple & Ginger Hair Mask 150ml","Giovanni","0","16.95","8244","NO",""
"UN - GK65","Giovanni 2Chic Pineapple & Ginger Anti Frizz Hair Serum 81ml","Giovanni","0","19.95","8245","NO",""
"UN - EH23","Alaffia Lip Balm Purely Coconut 4.25g","Alaffia","0","6.95","9010","NO",""
"UN - ZM02","Bamboo Whisk 1 By Zen Green Tea","Bamboo","0","34.95","9231","NO",""
"UN - NT32","Natracare Panty Liners Long 16","Natracare","0","6.99","9239","NO",""
"UN - NR43","Nutritionist Choice Instant Sea Vegetable Soup Pack 4x 20G","Nutritionist Choice","0","9.95","9325","NO",""
"UN - SD24","Schmidt's Deodorant Stick Lavender & Sage 75g","Schmidt's","0","17.95","9373","NO",""
"UN - SD22","Schmidt's Deodorant Stick Cedarwood & Juniper 75g","Schmidt's","0","19.95","9375","NO",""
"UN - SD21","Schmidt's Deodorant Stick Bergamot & Lime 75g","Schmidt's","0","17.95","9376","NO",""
"UN - PT104","Protein Supplies Australia Blood Orange BCAA 200g","Protein Supplies","0","42.95","9400","NO",""
"UN - OG56","Organic Times Chocolate Gems 200g","Organic Times","0","16.95","9417","NO",""
"UN - OG60","Organic Times Cocoa Butter Buttons 200g","Organic Times","0","19.95","9423","NO",""
"UN - PO161","Planet Organic Maple Syrup 250ml","Planet Organic","0","14.95","9431","NO",""
"UN - AF21","Alaffia Deodorant Coconut Reishi Bergamot & Charcoal 75g","Alaffia","0","14.95","9678","NO",""
"UN - AF22","Alaffia Deodorant Coconut Reishi Lavender & Charcoal 75","Alaffia","0","14.95","9680","NO",""
"UN - AF24","Alaffia Deodorant Coconut Reishi Coconut & Charcoal 75g","Alaffia","0","14.95","9683","NO",""
"UN - BR06","Bragg Book ACV","Bragg","0","24.95","9794","NO",""
"UN - BR09","Bragg Healthy Lifestyle Book","Bragg","0","24.95","9796","NO",""
"UN - BR13","Bragg ACV & Honey Blend 473ml (dark bottle)","Bragg","0","23.95","9799","NO",""
"UN - EH17","Alaffia Unscented Shea Butter 312g","Alaffia","0","34.95","9829","NO",""
"UN - AO72","Amazing Oils Magnesium Recovery Bath Flakes 2kg","Amazing","0","49.95","10728","NO",""
"UN - SD27","Schmidt's Charcoal & Magnesium Stick 75g","Schmidt's","0","17.95","10846","NO",""
"UN - EQ27","Ecobud Replacement Filter White Pete Evans' Little Penguin","Ecobud","0","15.95","10956","NO",""
"UN - AF31","Alaffia Deodorant Neem Turmeric Lemongrass & Charcoal 75g","Alaffia","0","14.95","11012","NO",""
"UN - DC187","Dr Organic Hemp Oil Intensive Eye Serum 15ml","Dr Organic","0","19.95","11042","NO",""
"UN - DC190","Dr Organic Intensive Conditioning Hair Mask Organic Hemp Oil 200ml","Dr Organic","0","32.95","11049","NO",""
"UN - DC16","Dr Organic Lavender Shampoo 265ml","Dr Organic","0","14.95","11051","NO",""
"UN - CH142","Cheeki Stainless Steel Bottle Matte Black 750ml","Cheeki","0","24.95","11113","NO",""
"UN - CH153","Cheeki Stainless Steel Bottle Pistachio 1L","Cheeki","0","29.95","11117","NO",""
"UN - DC226","Dr Organic Skin Lotion Cocoa Butter 200ml","Dr Organic","0","17.95","11351","NO",""
"UN - DC227","Dr Organic Wonder Oil Cocoa Butter 150ml","Dr Organic","0","24.95","11352","NO",""
"UN - DC229","Dr Organic Day Cream Cocoa Butter 50ml","Dr Organic","0","14.95","11354","NO",""
"UN - CH124","Cheeki Stainless Steel Bottle Teal 'Thirsty Max' 1.6L","Cheeki","0","39.95","11360","NO",""
"UN - AF32","Alaffia Deodorant Neem Turmeric Mandarin & Charcoal 75g","Alaffia","0","14.95","11378","NO",""
"UN - AR119","Acure Brilliantly Brightening Eye Contour Gel 14.7ml","Acure","0","41.95","11394","NO",""
"UN - AR156","Acure Seriously Soothing Cloud Cream 50ml","Acure","0","41.95","11411","NO",""
"UN - AR162","Acure The Essentials Marula Oil 30ml","Acure","0","32.95","11413","NO",""
"UN - AR163","Acure The Essentials Rosehip Oil 30ml","Acure","0","26.95","11414","NO",""
"UN - AR172","Acure Incredibly Clear Acne Spot 14.7ml","Acure","0","28.95","11417","NO",""
"UN - AR174","Acure Incredibly Clear Mattifying Moisturiser 50ml","Acure","0","38.95","11419","NO",""
"UN - AS11","Alchemy Cordials Turmeric Unsweetened 300ml","Alchemy","0","14.95","11448","NO",""
"UN - EH44","Alaffia Body Lotion Coconut Lime 950ml","Alaffia","0","34.95","11559","NO",""
"UN - NU25","Nutribiotic Deodorant Tea Tree 75g","Nutribiotic","0","12.95","11866","NO",""
"UN - WN56","Wotnot Tan Application Mitt x 1 Glove","Wotnot","0","9.95","12009","NO",""
"UN - WN57","Wotnot Body Exfoliating Mitt 1 glove","Wotnot","0","9.95","19541","NO",""
"UN - DC285","Dr Organic Day Cream Organic Shea Butter 50ml","Dr Organic","0","14.95","19607","NO",""
"UN - DC264","Dr Organic Travel Size Body Wash Organic Rose Otto 75ml","Dr Organic","0","8.95","19597","NO",""
"UN - DC281","Dr Organic Body Scrub Organic Shea Butter 200ml","Dr Organic","0","17.95","19603","NO",""
"UN - DC286","Dr Organic Night Cream Organic Shea Butter 50ml","Dr Organic","0","14.95","19608","NO",""
"UN - WEL11","Weleda Sensitive Skin Body Wash Almond 200ml","Weleda","0","19.95","19658","NO",""
"UN - WEL31","Weleda Bath Milk Citrus 200ml","Weleda","0","29.95","19667","NO",""
"UN - WEL47","Weleda Eye And Lip Cream Evening Primrose 10ml","Weleda","0","43.95","19690","NO",""
"UN - WEL71","Weleda Reviving Bath Milk Pine 200ml","Weleda","0","29.95","19706","NO",""
"UN - WEL86","Weleda Pomegranate Firming Day Cream 30ml","Weleda","0","42.95","19715","NO",""
"UN - WEL88","Weleda Pomegranate Firming Eye Cream 10ml","Weleda","0","42.95","19717","NO",""
"UN - WEL126","Weleda Soothing Day Cream Wild Rose 30ml","Weleda","0","39.95","19731","NO",""
"UN - WEL127","Weleda Soothing Night Cream Wild Rose 30ml","Weleda","0","39.95","19732","NO",""
"UN - WEL128","Weleda Soothing Eye Cream Wild Rose 10ml","Weleda","0","37.95","19733","NO",""
"UN - WEL132","Weleda Gentle Cleansing Milk Witch Hazel 100ml","Weleda","0","28.95","19736","NO",""
"UN - WEL133","Weleda Refining Toner Witch Hazel 100ml","Weleda","0","28.95","19737","NO",""
"UN - WEL183","Weleda Nipple Care Cream Mother 36ml","Weleda","0","33.95","19758","NO",""
"UN - WEL196","Weleda Calendula Baby Oil 200ml","Weleda","0","29.95","19764","NO",""
"UN - WEL201","Weleda Calendula Weather Protection Cream Baby 30ml","Weleda","0","17.95","19769","NO",""
"UN - WEL233","Weleda Arnica 6x Oral Spray 30ml","Weleda","0","25.95","19780","NO",""
"UN - WEL251","Weleda Organic/ Bio Birch Juice Liquid Food Supplement 200ml","Weleda","0","37.95","19793","NO",""
"UN - HM41","Essential Hemp 100 capsules of Hemp Seed Oil","Essential","0","19.95","20050","NO",""
"UN - HM42","Essential Hemp 100 capsules of Hemp Seed Oil with Turmeric","Essential","0","24.95","20051","NO",""
"UN - NL73","Niulife Coconut Shell Bowl Polished 1","Niulife","0","12.95","19907","NO",""
"UN - DC314","Dr Organic Men's Hair Style Putty Organic Ginseng 75g","Dr Organic","0","19.95","23780","NO",""
"UN - RK19","Retrokitchen 100% Biodegradable Dishcloth Fish 1","Retrokitchen","0","7.95","23687","NO",""
"UN - RK26","Retrokitchen 100% Biodegradable Dishcloth Penguin 1","Retrokitchen","0","7.95","23694","NO",""
"UN - RK27","Retrokitchen 100% Biodegradable Dishcloth Poinciana Leaves 1","Retrokitchen","0","7.95","23695","NO",""
"UN - RK29","Retrokitchen 100% Biodegradable Dishcloth Seagulls 1","Retrokitchen","0","7.95","23697","NO",""
"UN - VR123","Vrindavan Hand Sanitizer Tea Tree & Oregano 60Ml","Vrindavan","0","9.95","23716","NO",""
"UN - VR126","Vrindavan Hand Sanitizer Refill Tea Tree & Oregano 1L","Vrindavan","0","99.95","23722","NO",""
"UN - WEL292","Weleda Refining Lotion Willow Bark 30ml","Weleda","0","27.95","23727","NO",""
"UN - WEL293","Weleda S.O.S. Spot Treatment Willow Bark 10ml","Weleda","0","22.95","23728","NO",""
"UN - AR317","Acure Coconut & Argan Shampoo Bar 140g","Acure","0","17.95","23740","NO",""
"UN - AR320","Acure Unicorn Shimmer Shampoo 236ml","Acure","0","19.95","23743","NO",""
"UN - AR321","ACURE Unicorn Shimmer Conditioner 236ml","ACURE","0","19.95","23744","NO",""
"UN - AR323","Acure Wave & Curl Colour Wellness Conditioner 236ml","Acure","0","19.95","23746","NO",""
"UN - BTF23","Biotuff Compostable Displayosable Gloves Medium 200","Biotuff","0","29.95","23748","NO",""
"UN - BTF24","Biotuff Compostable Displayosable Gloves Large 200","Biotuff","0","29.95","23749","NO",""
"UN - DC310","Dr Organic Men's Hair & Body Wash Organic Ginseng 250ml","Dr Organic","0","12.95","23776","NO",""
"UN - DC312","Dr Organic Men's Shave & Beard Oil Organic Ginseng 50ml","Dr Organic","0","16.95","23778","NO",""
"UN - MAC27","Macro Mike Protein Donut Baking Mix Maple Cinnamon White Chocolate Chip 300g","MACRO MIKE","0","19.95","28193","NO",""
"UN - EU12","Eucoclean Antibacterial Hand Sanitiser Instant Hospital Strength 125ml","Eucoclean","0","12.95","29129","NO",""
"UN - EU13","Eucoclean Antibacterial Hand Sanitiser Instant Hospital Strength 5L","Eucoclean","0","99.95","29130","NO",""
"UN - AR324","Acure Ionic Blonde Colour Wellness Shampoo 236ml","Acure","0","23.95","29164","NO",""
"UN - AR325","Acure Ionic Blonde Colour Wellness Conditioner 236ml","Acure","0","24.95","29165","NO",""
"UN - MAC62","Macro Mike Powdered Almond Butter Creamy Salted Caramel 180g","MACRO MIKE","0","19.95","29223","NO",""
"UN - SUG11","Sugarwrap Eco Clingwrap 100% Compostable 30m x 33cm 1","Sugarwrap","0","8","31362","NO",""
"UN - AC113","Amazonia Protein Isolate Chocolate & Coconut 12 x 30g","Amazonia","0","54","32106","NO",""
"UN - TM81","Tooshies By Tom Nappies With Organic Bamboo Size 1 Newborn 3 5kg 2 x 52","Tooshies","0","79.9","32158","NO",""
"UN - TM82","Tooshies BY Tom Nappies With Organic Bamboo Size 2 Infant 4 8kg 2 x 48","Tooshies","0","79.9","32159","NO",""
"UN - TM84","Tooshies By Tom Nappies With Organic Bamboo Size 4 Toddler 10-15kg 2 x 36","Tooshies","0","79.9","32161","NO",""
"UN - TM85","Tooshies By Tom Nappies With Organic Bamboo Size 5 Walker 13 18kg 2 x 32","Tooshies","0","79.9","32162","NO",""
"UN - TM86","Tooshies By Tom Nappies With Organic Bamboo Size 6 Junior 16+ kg 2 x 30","Tooshies","0","79.9","32163","NO",""
"UN - AC111","Amazonia Protein Paleo Fermented Salted Caramel 500G","Amazonia","0","45.95","32580","NO",""
"UN - AC112","Amazonia Protein Paleo Fermented Salted Caramel 1Kg","Amazonia","0","75.95","32581","NO",""
"UN - AE93","Alter Eco Chocolate (Organic) Superdark Cacao Truffles 108g","Alter","0","10.95","32593","NO",""
"UN - AO14","Amazing Oils Baby Calm Gel Roll On 20ml","Amazing","0","22.95","32602","NO",""
"UN - AO24","Amazing Oils Magnesium Gel + Msm Natural Relief Roll On 60ml","Amazing","0","22.95","32606","NO",""
"UN - AR232","Acure Deodorant Stick Fragrance Free 63g","Acure","0","14.95","32610","NO",""
"UN - AR311","Acure Brightening Glow Lotion 236ml","Acure","0","26.95","32615","NO",""
"UN - PC60","Book A Family Guide to Waste Free Living by Lauren & Oberon Carter x 1","Book","0","34.95","33364","NO",""
"UN - AR312","Acure Seriously Soothing Solid Serum 3in1 50ml","Acure","0","34.95","32616","NO",""
"UN - AR315","Acure Radically Rejuvenating Marula & Rose Serum Stick 28g","Acure","0","32.95","32619","NO",""
"UN - AR316","Acure Seriously Soothing Blue Tansy Serum Stick 28.34g","Acure","0","32.95","32620","NO",""
"UN - AR342","Acure Resurfacing Dewy All Day Moisturizer 30ml","Acure","0","32.95","32621","NO",""
"UN - AR343","Acure Resurfacing Overnight Glycolic Treatment 30ml","Acure","0","48.95","32622","NO",""
"UN - AR344","Acure Resurfacing Inter Gly Lactic Peel Pads 10 Pads","Acure","0","34.95","32623","NO",""
"UN - CH202","Cheeki Lunch Box Double Stacker 1L","Cheeki","0","39.95","32731","NO",""
"UN - CH222","Cheeki Stainless Steel Straws Straight Silver & Gold + Cleaning Brush x 2","Cheeki","0","9.95","32734","NO",""
"UN - CH224","Cheeki Stainless Steel Straws Straight Rose Gold & Black + Brush x 2","Cheeki","0","9.95","32736","NO",""
"UN - CH226","Cheeki Stainless Steel Straws Straight All Colours + Cleaning Brush x 4","Cheeki","0","19.95","32737","NO",""
"UN - CH232","Cheeki Insulated Tumbler Ocean With Stainless Steel Straw 500ml","Cheeki","0","34.95","32738","NO",""
"UN - CH235","Cheeki Insulated Tumbler Pink With Stainless Steel Straw 500ml","Cheeki","0","34.95","32740","NO",""
"UN - CH236","Cheeki Insulated Tumbler Rainbow Pearl with Stainless Steel Straw 500ml","Cheeki","0","39.95","32741","NO",""
"UN - CH241","Cheeki Stainless Steel Bottle Topaz 500ml","Cheeki","0","19.95","32742","NO",""
"UN - CH245","Cheeki Stainless Steel Bottle Ocean Sports Lid 1L","Cheeki","0","29.95","32743","NO",""
"UN - CH253","Cheeki Insulated Wine Tumbler Pink Champagne with Stainless Steel Straw 220ml","Cheeki","0","19.95","32744","NO",""
"UN - CH254","Cheeki Insulated Wine Tumbler Sapphire Blue with Stainless Steel Straw 220ml","Cheeki","0","19.95","32745","NO",""
"UN - CH255","Cheeki Insulated Wine Tumbler Spirit White With Stainless Steel Straw 220ml","Cheeki","0","19.95","32746","NO",""
"UN - CH257","Cheeki Insulated Wine Tumbler Soft Gold With Stainless Steel Straw 320ml","Cheeki","0","19.95","32748","NO",""
"UN - CH258","Cheeki Insulated Wine Tumbler Spirit White With Stainless Steel Straw 320ml","Cheeki","0","28.95","32749","NO",""
"UN - CH261","Cheeki Stainless Steel Bottle Pink 500ml","Cheeki","0","19.95","32750","NO",""
"UN - CH262","Cheeki Stainless Steel Bottle Pink 750ml","Cheeki","0","29.95","32751","NO",""
"UN - CH272","Cheeki Kids Bottle Insulated Orca 400ml","Cheeki","0","39.95","32755","NO",""
"UN - CH274","Cheeki Kids Bottle Insulated Seahorse 400ml","Cheeki","0","39.95","32757","NO",""
"UN - CY17","Crystal Deodorant Stick Lavender & White Tea 70g","Crystal","0","13.95","32775","NO",""
"UN - CY18","Crystal Deodorant Stick Chamomile & Green Tea 70g","Crystal","0","13.95","32776","NO",""
"UN - CY19","Crystal Deodorant Stick Vanilla & Jasmine 70g","Crystal","0","13.95","32777","NO",""
"UN - CY20","Crystal Deodorant Stick Freshly Minted 70g","Crystal","0","12.95","32778","NO",""
"UN - DC317","Dr Organic Instant Hydrating Lotion Organic Reishi 50ml","Dr Organic","0","21.95","32785","NO",""
"UN - EE20","Eclipse Organics Organic Bircher Chunky Australian Muesli 500g","Eclipse","0","14.8","32803","NO",""
"UN - EE21","Eclipse Organics Organic Muesli Probiotic Lumberjack 410g","Eclipse","0","14.8","32804","NO",""
"UN - EE22","Eclipse Organics Organic Raw Muesli 40% Fruit and Nut 500g","Eclipse","0","11.9","32805","NO",""
"UN - EE23","Eclipse Organics Organic Granola Turmeric Coconut Latte 450g","Eclipse","0","14.8","32806","NO",""
"UN - EE30","Eclipse Organics Organic Muesli Coconut Rough with Berries 450g","Eclipse","0","14.8","32807","NO",""
"UN - EE31","Eclipse Organics Organic Muesli Gluten Free Nutty Clusters 400g","Eclipse","0","15.8","32808","NO",""
"UN - EE32","Eclipse Organics Organic Muesli Gluten Free Light and Crisp 380g","Eclipse","0","15.8","32809","NO",""
"UN - EE33","Eclipse Organics Organic Muesli Maple, Apple & Cranberry 450g","Eclipse","0","14.8","32810","NO",""
"UN - EE34","Eclipse Organics Organic Muesli Nut, Honey & Chia 450g","Eclipse","0","14.8","32811","NO",""
"UN - EE35","Eclipse Organics Organic Muesli Verry Berry Crunch 410g","Eclipse","0","14.8","32812","NO",""
"UN - EE37","Eclipse Organics Organic Paleo Muesli Fruit and Nut 450g","Eclipse","0","23.8","32813","NO",""
"UN - EE38","Eclipse Organics Organic Paleo Muesli Hemp and Nut 425g","Eclipse","0","23.8","32814","NO",""
"UN - EE39","Eclipse Organics Organic Paleo Clusters Manuka Macadamia 450g","Eclipse","0","23.8","32815","NO",""
"UN - ETH02","Ethical Zinc Daily Wear Light Sunscreen Spf 50+ 100g","Ethical","0","24.95","32844","NO",""
"UN - GD11","Giovanni Facial Prime & Setting Mist D:tox System 147ml","Giovanni","0","19.95","32949","NO",""
"UN - GD32","Giovanni Conditioner 2chic D:tox 250ml","Giovanni","0","16.95","32951","NO",""
"UN - GK66","Giovanni 3 in 1 Hair Revival Treatment Ultra Revive (Dry, Unruly Hair) 51ml","Giovanni","0","8.95","32991","NO",""
"UN - GS15","Grin Toothpaste Whitening 100g","Grin","0","7.99","33016","NO",""
"UN - GS16","Grin Toothpaste Kids Orange 70g","Grin","0","7.99","33017","NO",""
"UN - GS33","Grin Biodegradable Dental Floss Picks Adults x 45","Grin","0","7.99","33019","NO",""
"UN - GS34","Grin Biodegradable Dental Flossers Kid's x 45","Grin","0","7.99","33020","NO",""
"UN - GV201","Giovanni Antibacterial Hand Sanitizer Alcohol Antiseptic 70% 59ml","Giovanni","0","7.95","33021","NO",""
"UN - HW81","Happy Way Shaker Black 400ml","Happy Way","0","14.99","33071","NO",""
"UN - HW83","Happy Way Shaker Yellow 400ml","Happy Way","0","14.99","33073","NO",""
"UN - PT191","Protein Supplies Australia WPI (Whey Protein Isolate) Chocolate Mint 1kg","Protein Supplies","0","85.95","33509","NO",""
"UN - MAC02","Macro Mike Powdered Peanut Butter Chocolate Caramel Slice 180g","MACRO MIKE","0","15.95","33211","NO",""
"UN - MB17","Book Supercharge Your Life by Lee Holmes x 1","Book","0","36.95","33237","NO",""
"UN - MS28","Mingle Natural Seasoning Blend FODMAP Friendly Moroccan (Sahara) 45g","Mingle","0","59.5","33308","NO",""
"UN - MS29","Mingle Natural Seasoning Blend Dill & Garlic Ranch (Sally) 50g","Mingle","0","59.5","33309","NO",""
"UN - MS30","Mingle Natural Seasoning Blend All Purpose (Sammy) 50G","Mingle","0","59.5","33310","NO",""
"UN - MS32","Mingle Natural Seasoning Blend Garlic & Herb (Siena) 50g","Mingle","0","59.5","33312","NO",""
"UN - MS33","Mingle Natural Seasoning Blend Spicy Mexican (Sofia) 50G","Mingle","0","59.5","33313","NO",""
"UN - PC52","Book Quitting Plastic by C.Williams Roldan with L.Williams x 1","Book","0","19.95","33363","NO",""
"UN - NL83","Nuilife Organic MCT+ Power Powder Natural Unflavoured 400g","Nuilife","0","54.95","33344","NO",""
"UN - NS62","Naturally Sweet Natural Monk Fruit Blend 1kg","Naturally Sweet","0","60.95","33349","NO",""
"UN - NS72","Naturally Sweet Organic Coconut Palm Sugar 1kg","Naturally Sweet","0","23.95","33351","NO",""
"UN - PC44","Book Elsa's Wholesome Life by Ellie Bullen x 1","Book","0","34.95","33360","NO",""
"UN - PL55","Planet Organic Herbs Sage 12g","Planet Organic","0","5.95","33412","NO",""
"UN - PL73","Planet Organic Spices Coriander Seed Whole 25G","Planet Organic","0","6.95","33424","NO",""
"UN - PL78","Planet Organic Spices Black Cracked Peppercorns 55G","Planet Organic","0","6.95","33429","NO",""
"UN - PL79","Planet Organic Spices Chilli Powder 55G","Planet Organic","0","6.95","33430","NO",""
"UN - PL88","Planet Organic Spices Turmeric 1Kg","Planet Organic","0","49.95","33439","NO",""
"UN - PO112","Planet Organic Herbal Tea Bags Dieters x 25","Planet Organic","0","5.95","33478","NO",""
"UN - PO114","Planet Organic Herbal Tea Bags Energy x 25","Planet Organic","0","6.95","33480","NO",""
"UN - PO135","Planet Organic Herbal Tea Bags Cleanse (Skin Pure) x 25","Planet Organic","0","6.95","33493","NO",""
"UN - PO153","Planet Organic Herbs Dill 18g","Planet Organic","0","5.95","33500","NO",""
"UN - PO155","Planet Organic Herbs Fenugreek 60g","Planet Organic","0","6.95","33502","NO",""
"UN - PO173","Planet Organic Spices Caraway Seed 50G","Planet Organic","0","6.95","33504","NO",""
"UN - PT192","Protein Supplies Australia PeaPro (Raw Pea Protein) Chocolate Mint 500g","Protein Supplies","0","36.95","33510","NO",""
"UN - PT193","Protein Supplies Australia PeaPro (Raw Pea Protein) Chocolate Mint 1kg","Protein Supplies","0","59.95","33511","NO",""
"UN - RE41","Redmond CLAY Baby Powder Fragrance Free 85g","Redmond","0","18.95","33522","NO",""
"UN - RK11","Retrokitchen 100% Biodegradable Dishcloth Zebra x 1","Retrokitchen","0","7.95","33553","NO",""
"UN - RK31","Retrokitchen Carry Your Cutlery Abstract Stainless Steel Cutlery Set x 1","Retrokitchen","0","29.95","33555","NO",""
"UN - RK32","Retrokitchen Carry Your Cutlery Botanical Stainless Steel Cutlery Set x 1","Retrokitchen","0","29.95","33556","NO",""
"UN - RK34","Retrokitchen Carry Your Cutlery Criss Cross Stainless Steel Cutlery Set x 1","Retrokitchen","0","29.95","33558","NO",""
"UN - RK35","Retrokitchen Carry Your Cutlery Dragonfly Stainless Steel Cutlery Set x 1","Retrokitchen","0","29.95","33559","NO",""
"UN - RK36","Retrokitchen Carry Your Cutlery Leaves Stainless Steel Cutlery Set x 1","Retrokitchen","0","29.95","33560","NO",""
"UN - RK37","Retrokitchen Carry Your Cutlery Palm Fronds Stainless Steel Cutlery Set x 1","Retrokitchen","0","29.95","33561","NO",""
"UN - SUG02","Sugarwrap Eco Freezer Bags Made from Sugarcane Medium x 100","Sugarwrap","0","6.5","33602","NO",""
"UN - AR175","Acure Incredibly Clear Charcoal Lemonade Mask 50ml","Acure","0","29.95","34083","NO",""
"UN - AR363","Acure Ultra Hydrating Eye Cream 14.7ml","Acure","0","41.95","34092","NO",""
"UN - WN09","Wotnot Biodegradable Bags 30L x 20","Wotnot","0","9.95","33695","NO",""
"UN - WN44","Wotnot Natural Face Sunscreen 30 SPF Untinted BB Cream 60g","Wotnot","0","29.95","33697","NO",""
"UN - DC324","Gel Face Mask Organic Guava 50ml Dr Organic","Gel","0","19.95","33734","NO",""
"UN - AR176","Acure Incredibly Clear Facial Cleansing Bar 113g","Acure","0","16.95","34084","NO",""
"UN - AR364","Acure Ultra Hydrating Watermelon Seed Oil 30ml","Acure","0","39.95","34093","NO",""
"UN - EE50","Eclipse Wholefoods Modern No Nut Granola Vanilla Maple Clusters 450g","Eclipse","0","12.95","34101","NO",""
"UN - EE51","Eclipse Wholefoods Slow Roasted Muesli Australian Honey & Coconut 450g","Eclipse","0","12.95","34102","NO",""
"UN - EE52","Eclipse Wholefoods Raw Muesli Berry, Apple & Almond 500g","Eclipse","0","10.95","34103","NO",""
"UN - EE53","Eclipse Wholefoods Digestive Clusters Salted Caramel & Ginger Nut 450g","Eclipse","0","12.95","34104","NO",""
"UN - EE54","Eclipse Wholefoods Slow Roasted Muesli Honey Nut Crunch 425g","Eclipse","0","12.95","34105","NO",""
"UN - KF03","Health 2U Kung Fu'd The Master's Cuppa 200g","Health","0","39.95","34120","NO",""
"UN - MAC110","Macro Mike Protein Hot Chocolate Almond With Added Probiotics 300g","MACRO MIKE","0","39.95","34130","NO",""
"UN - PY19","P'ure Papayacare Papaya Glow Face Oil 20ml","P'ure","0","24.99","34171","NO",""
"UN - RK61","Retrokitchen Dishcloth Geo x 1","Retrokitchen","0","7.95","34179","NO",""
"UN - SF37","Supercharged Food Earth & Sea Beauty Capsules Silica + Iodine & Iron x 60","Supercharged","0","34.95","34182","NO",""
"UN - SF39","Supercharged Food Negative Ion Candle Lemongrass & Lime","Supercharged","0","54.95","34184","NO",""
"UN - DC334","Dr Organic Fragrance Free Skin Lotion Organic Calendula 200ml","Dr Organic","0","16.95","34573","NO",""
"UN - WN36","Wotnot Purifying Sensative Facial Wipes All Skin Types 5 Pack","Wotnot","0","1.95","41906","NO",""
"UN - AC201","Amazonia Raw Protein Bar Triple Choc Brownie 10X40G","Amazonia","0","45","53267","NO",""
"UN - AC202","Amazonia Raw Protein Bar Peanut Butter Choc Melt 10X40G","Amazonia","0","45","53268","NO",""
"UN - AC08","Amazonia Raw Wholefood Extracts Women's Multi Peach Passionfruit 100g","Amazonia","0","29.95","53251","NO",""
"UN - AC09","Amazonia RawFit Stainless Steel Shaker Black 700ml","Amazonia","0","19.95","53252","NO",""
"UN - AC13","Amazonia Raw Protein Slim & Tone Vanilla Cinnamon 390G","Amazonia","0","39.95","53256","NO",""
"UN - AC151","Amazonia Raw Protein Slim & Tone Vanilla Cinnamon 12x30g","Amazonia","0","54","53258","NO",""
"UN - AC153","Amazonia Raw Protein Slim & Tone Chocolate Caramel 500g","Amazonia","0","45.95","53259","NO",""
"UN - AC154","Amazonia Raw Protein Slim & Tone Chocolate Caramel 1kg","Amazonia","0","75.95","53260","NO",""
"UN - AC170","Amazonia RawFit Plant BCAAs 2:1:1 Energy Mango Passionfruit 250g","Amazonia","0","34.95","53265","NO",""
"UN - AC171","Amazonia RawFit Plant BCAAs 2:1:1 Hydrate Lemon Lime 250g","Amazonia","0","34.95","53266","NO",""
"UN - AC25","Amazonia Raw Protein Pregnancy Plus Rich Chocolate 500g","Amazonia","0","59.95","53272","NO",""
"UN - AC27","Amazonia Raw Probiotics Biotic Ferment Vanilla & Berry Flavour 120g","Amazonia","0","39.95","53274","NO",""
"UN - AE111","Alter Eco Chocolate (Organic) Classic Grass Fed Milk 12x75g","Alter","0","77.4","53276","NO",""
"UN - AE112","Alter Eco Chocolate (Organic) Rice Crisp Grass Fed Milk 12x75g","Alter","0","77.4","53277","NO",""
"UN - AE113","Alter Eco Chocolate (Organic) Almond Grass Fed Milk 12x75g","Alter","0","77.4","53278","NO",""
"UN - AE154","Alter Eco Chocolate (Organic) Dark Milk Silk Velvet Truffles 5x108g","Alter","0","59.95","53279","NO",""
"UN - AE155","Alter Eco Chocolate (Organic) Dark Salted Caramel Truffles 5x108g","Alter","0","59.95","53280","NO",""
"UN - AE172","Alter Eco Chocolate (Organic) Dark Salted Almonds 12x80g","Alter","0","77.4","53287","NO",""
"UN - AE174","Alter Eco Chocolate (Organic) Dark Mint Creme Truffles 5x108g","Alter","0","59.95","53288","NO",""
"UN - AE193","Alter Eco Chocolate (Organic) Superdark Cacao Truffles 5x108g","Alter","0","59.95","53292","NO",""
"UN - AE58","Alter Eco Chocolate (Organic) Salted Caramel Truffles 60x12g","Alter","0","59.4","53293","NO",""
"UN - AE76","ALTER ECO Chocolate (Organic) Assorted Truffles 60x12g","ALTER","0","59.4","53294","NO",""
"UN - AE91","Alter Eco Chocolate (Organic) Superdark Cacao Truffles 60x12g","Alter","0","59.4","53295","NO",""
"UN - AF05","Alaffia African Black Soap All-In-One Wild Lavender 476ml","Alaffia","0","24.95","53296","NO",""
"UN - AG10","Arigato Bento Box Hot Air Balloons","Arigato","0","49.95","53297","NO",""
"UN - AO40","AMAZING OILS Prevents Magnesium Deficiency Sensitive Spray 125ml","AMAZING","0","27.95","53314","NO",""
"UN - AO70","Amazing Oils Magnesium Active Spray 125ml","Amazing","0","34.95","53319","NO",""
"UN - AO71","Amazing Oils Magnesium Active Bath Flakes 800g","Amazing","0","24.95","53320","NO",""
"UN - AR124","Acure Brightening 2% Alpha Arbutin Serum 30ml","Acure","0","39.95","53322","NO",""
"UN - AR130","Acure Radically Rejuvenating Witch Hazel Toner 59ml","Acure","0","24.95","53323","NO",""
"UN - AR141","Acure Radically Rejuvenating Niacinamide Serum 30ml","Acure","0","41.95","53325","NO",""
"UN - AR142","Acure Radically Rejuvenating Retinoid Night Complex 30ml","Acure","0","39.95","53326","NO",""
"UN - AR158","Acure Seriously Soothing Jelly Milk Makeup Remover 118ml","Acure","0","26.95","53328","NO",""
"UN - GAM33","Gaiam Hand Therapy Kit  ","Gaiam","0","24.95","62664","NO",""
"UN - AR159","Acure Seriously Soothing Facial Cleansing Bar 113g","Acure","0","20.95","53329","NO",""
"UN - AR250","Acure Brightening Vitamin C Jelly Mask 30ml","Acure","0","32.95","53330","NO",""
"UN - AR251","Acure Brightening Vitamin C Sunset Serum 30ml","Acure","0","39.95","53331","NO",""
"UN - AR252","Acure Brightening Vitamin C Superfine Mist 59ml","Acure","0","24.95","53332","NO",""
"UN - AR166","Acure The Essentials Hemp Seed Oil 30ml","Acure","0","29.95","53338","NO",""
"UN - BR34","Bragg Salad Dressing Apple Cider Vinaigrette 354ml","Bragg","0","18.95","53343","NO",""
"UN - BN15","Bennetto Organic Dark Chocolate Amaranth & Sea Salt 13x100g","Bennetto","0","110.37","53350","NO",""
"UN - BN16","Bennetto Organic Dark Chocolate Raspberries In Dark 13x100g","Bennetto","0","110.37","53352","NO",""
"UN - BN24","Bennetto Organic Dark Chocolate Salted Caramel In Dark 14x100g","Bennetto","0","118.86","53356","NO",""
"UN - BN25","Bennetto Organic Dark Chocolate Exceptionally Dark 14x100g","Bennetto","0","118.86","53358","NO",""
"UN - ANS171","Australian Natural Soap Co Hand & Body Everyday Luxury Lavender 100g","Australian","0","10.95","61845","NO",""
"UN - BN26","Bennetto Organic Dark Chocolate Coffee in Madagascar 14x100g","Bennetto","0","118.86","53360","NO",""
"UN - ANS181","Australian Natural Soap Co Hand & Body Australian Bush Soap Wattle Seed 100g","Australian","0","14.95","61846","NO",""
"UN - BTE11","Buddha Teas Organic Herbal Tea Bags Cold Weather Defense Blend x18","Buddha","0","10.95","53385","NO",""
"UN - BTF31","Biotuff Nappy Waste Bags & Dispenser 4 x 10 Bag Rolls x40","Biotuff","0","12.95","53388","NO",""
"UN - BTF32","Biotuff Nappy Waste Bags Refill 4 x 10 Bag Rolls x40","Biotuff","0","8.95","53390","NO",""
"UN - BTF40","Biotuff Xtra Tuff Garden Waste Large Bags 54L x10","Biotuff","0","16.95","53392","NO",""
"UN - BTF41","Biotuff Xtra Tuff Multi-Purpose Large Bags 80L x5","Biotuff","0","13.95","53394","NO",""
"UN - BTF42","Biotuff Council Bin Liners Large Bags 140L x12","Biotuff","0","19.95","53396","NO",""
"UN - CH125","Cheeki Stainless Steel Bottle Champagne 'Thirsty Max' 1.6L","Cheeki","0","39.95","53406","NO",""
"UN - BTF43","Biotuff Council Bin Liners Large Bags 240L x12","Biotuff","0","26.95","53398","NO",""
"UN - CH146","Cheeki Stainless Steel Bottle Surf Sports Lid 750ml","Cheeki","0","24.95","53408","NO",""
"UN - CH156","Cheeki Stainless Steel Bottle Silver Sports Lid 1L","Cheeki","0","29.95","53410","NO",""
"UN - CH201","Cheeki Lunch Box Everyday 800ml","Cheeki","0","32.95","53417","NO",""
"UN - CH204","Cheeki Stainless Steel Lunch Box The Essential 1000ml","Cheeki","0","19.95","53419","NO",""
"UN - CH205","Cheeki Stainless Steel Lunch Box The Hungry Max 1200ml","Cheeki","0","34.95","53421","NO",""
"UN - CH233","Cheeki Insulated Tumbler Pistachio With S/Steel Straw 500ml","Cheeki","0","34.95","53423","NO",""
"UN - CH238","Cheeki Insulated Tumbler 3D Jungle With S/Steel Straw 500ml","Cheeki","0","44.95","53427","NO",""
"UN - CH239","Cheeki Insulated Tumbler 3D Watercolour With S/Steel Straw 500ml","Cheeki","0","44.95","53429","NO",""
"UN - CRN01","Creative Nature Gnawbles Bites Creeamy M*lk Chocolate 15x30g","Creative","0","4.95","53435","NO",""
"UN - CRN02","Creative Nature Gnawbles Bites Cheeky Choc Hazelnot 15x30g","Creative","0","74.25","53437","NO",""
"UN - CRN03","Creative Nature Gnawbles Bites Super Salted Caramel 15x30g","Creative","0","74.25","53439","NO",""
"UN - CRN10","Creative Nature Gnawbles Bites Creeamy M*lk Chocolate 6x75g","Creative","0","53.7","53441","NO",""
"UN - EH38","Alaffia Kids Bubble Bath Coconut Chamomile 950ml","Alaffia","0","34.95","53505","NO",""
"UN - EH39","Alaffia Kids Bubble Bath Lemon Lavender 950ml","Alaffia","0","34.95","53507","NO",""
"UN - EH51","Alaffia Shea Butter Passion Fruit 312g","Alaffia","0","34.95","53509","NO",""
"UN - EVM11","Everyorganics Australian Bee Pollen 150g","Everyorganics","0","29.95","53619","NO",""
"UN - EVM12","Everyorganics Cold Smoked Raw Honey 375g","Everyorganics","0","18.95","53621","NO",""
"UN - EVM13","Everyorganics Cold Smoked Sea Salt 150g","Everyorganics","0","12.95","53623","NO",""
"UN - EVM14","Everyorganics Cold Smoked Chilli Salt 110g","Everyorganics","0","12.95","53625","NO",""
"UN - EVM15","Everyorganics Cold Smoked Salt & Pepper 130g","Everyorganics","0","12.95","53627","NO",""
"UN - EVM16","Everyorganics Cold Smoked Shroom Salt 110g","Everyorganics","0","12.95","53629","NO",""
"UN - EVM17","Everyorganics Cold Smoked Extra Virgin Olive Oil 250ml","Everyorganics","0","19.95","53631","NO",""
"UN - GK91","Giovanni Shampoo 2chic Clarifying & Calming 250ml","Giovanni","0","22.95","53697","NO",""
"UN - GK93","Giovanni Hair Mask 2chic Clarifying & Calming 51.75ml","Giovanni","0","8.95","53701","NO",""
"UN - GRA23","Grass Roots Organic Hemp Protein Powder 350g","Grass","0","24.95","53717","NO",""
"UN - GRA24","Grass Roots Australian Hemp Protein Powder 350g","Grass","0","19.95","53719","NO",""
"UN - GRA30","Grass Roots Organic Cacao Powder 250g","Grass","0","11.95","53721","NO",""
"UN - GRA31","Grass Roots Organic Cacao Powder 500g","Grass","0","14.95","53723","NO",""
"UN - GRA40","Grass Roots Organic Green Leaf Stevia Powder 250g","Grass","0","12.95","53725","NO",""
"UN - GS19","Grin Toothpaste Kids Strawberry Gel with Fluoride 45g","Grin","0","5.99","53729","NO",""
"UN - HW90","Happy Way Charge Up Dragon Fruit 300g","Happy Way","0","72.95","53763","NO",""
"UN - HW91","Happy Way Charge Up Green Apple 300g","Happy Way","0","72.95","53765","NO",""
"UN - HW92","Happy Way Charge Up Mango 300g","Happy Way","0","72.95","53767","NO",""
"UN - HW93","Happy Way Charge Up Pineapple 300g","Happy Way","0","72.95","53769","NO",""
"UN - HW94","Happy Way Charge Up Watermelon 300g","Happy Way","0","72.95","53771","NO",""
"UN - KC33","Koala Eco Laundry Liquid Lemon Scented Eucalyptus & Rosemary 500ml","Koala","0","17.95","53801","NO",""
"UN - LAK30","Lakanto Pancake Mix - Low Carb Protein Monkfruit Sweetener 200g","Lakanto","0","7.95","53825","NO",""
"UN - MAC124","Macro Mike Plant Protein Pudding Creamy Vanilla 480g","MACRO MIKE","0","49.95","53951","NO",""
"UN - MAC125","Macro Mike Plant Protein Pudding Peanut Butter 480g","MACRO MIKE","0","49.95","53952","NO",""
"UN - MAC126","Macro Mike Plant Protein Pudding Sample Pack 40g","MACRO MIKE","0","34.95","53954","NO",""
"UN - MAC130","Macro Mike Peanut Plant Protein Peanut Butter Big Bag 2kg","MACRO MIKE","0","139.95","53957","NO",""
"UN - MAC191","Macro Mike Mug Cake Mix - Plant Protein Choc Caramel Honeycomb 6x50g","MACRO MIKE","0","38.95","54089","NO",""
"UN - MAC193","Macro Mike Mug Cake Mix - Plant Protein Double Choc Chip 6x50g","MACRO MIKE","0","38.95","54095","NO",""
"UN - MAC194","Macro Mike Mug Cake Mix - Plant Protein Mixed Pack 6x50g","MACRO MIKE","0","38.95","54098","NO",""
"UN - CV62","Comvita Bee Propolis Toothpaste White Teeth Spearmint 100g","Comvita","0","9.95","62055","NO",""
"UN - MAC32","Macro Mike We Jammin' Protein Bar 12x45g","MACRO MIKE","0","59.4","54110","NO",""
"UN - MAC38","Macro Mike It's Bananas Protein Bar 12x45g","MACRO MIKE","0","59.4","54125","NO",""
"UN - MAC39","Macro Mike The Choccy Nutter Protein Bar 12x45g","MACRO MIKE","0","59.4","54128","NO",""
"UN - MAC40","Macro Mike Protein Bar Mixed Box 12x45g","MACRO MIKE","0","59.4","54131","NO",""
"UN - MAC44","Macro Mike Macro Gut Mixed Berry Flavour 30x5g","MACRO MIKE","0","69.95","54134","NO",""
"UN - MAC45","Macro Mike Macro Brain Tropical Raspberry Flavour 30x5g","MACRO MIKE","0","64.95","54137","NO",""
"UN - MAC64","Macro Mike Powdered Almond Butter Choc Honeycomb 180g","MACRO MIKE","0","19.95","54140","NO",""
"UN - MAC78","Macro Mike Cookie Baking Mix Almond Protein Salted Caramel 300g","MACRO MIKE","0","19.95","54152","NO",""
"UN - MAC79","Macro Mike Cookie Baking Mix Almond Protein Triple Chocolate 300g","MACRO MIKE","0","19.95","54155","NO",""
"UN - MAC80","Macro Mike Cookie Baking Mix Almond Protein White Choc Chip 300g","MACRO MIKE","0","19.95","54158","NO",""
"UN - MAC82","Macro Mike Muffin Baking Mix Almond Protein Blueberry White Choc Chip 250g","MACRO MIKE","0","19.95","54164","NO",""
"UN - MAC93","Macro Mike Pre Workout Blueberry Fizz 300g","MACRO MIKE","0","64.95","54167","NO",""
"UN - MAC97","Macro Mike Super Greens Mango Peach 300g","MACRO MIKE","0","64.95","54179","NO",""
"UN - PE51","Pbco. Oat & Raisin Cookie Mix No Sugar Added 350g","Pbco.","0","11.95","54364","NO",""
"UN - PE53","PBCO Banana Oat Muffin Mix No Sugar Added 350g","PBCO","0","11.95","54368","NO",""
"UN - PL28","Planet Organic Herbal Tea Bags Wintertime x 25 bags","Planet Organic","0","6.95","54484","NO",""
"UN - PL59","Planet Organic Herbal Tea Bags Green Tea & Lemon Myrtle x25","Planet Organic","0","5.95","54490","NO",""
"UN - PT106","PROTEIN SUPPLIES AUST. Branched Chain Amino Acids Pine Coconut 200g","Protein Supplies","0","42.95","54511","NO",""
"UN - PT181","PROTEIN SUPPLIES AUST. Restore Hydration Recovery Rasp Lemonade 16x10g","Protein Supplies","0","56","54516","NO",""
"UN - PT59","PROTEIN SUPPLIES AUST. PeaPro (Raw Pea Protein) Vanilla Bean 3kg","Protein Supplies","0","132.95","54518","NO",""
"UN - RK60","Retrokitchen Compostable Sponge Cloth Blossom x 1","Retrokitchen","0","7.95","54540","NO",""
"UN - RK63","Retrokitchen Compostable Sponge Cloth Dragonfly x 1","Retrokitchen","0","7.95","54543","NO",""
"UN - SF40","Supercharged Food Negative Ion Candle Coconut & Vanilla x 1","Supercharged","0","54.95","54546","NO",""
"UN - TM83","Tooshies Nappies Size 3 Crawler 6-11kg 2x44","Tooshies","0","79.9","54627","NO",""
"UN - TUL01","Organic Goodness Natural Soy Wax Candle Patchouli Vanilla 200g","Organic","0","19.95","54629","NO",""
"UN - TUL02","Organic Goodness Natural Soy Wax Candle Madurai Jasmine 200g","Organic","0","19.95","54631","NO",""
"UN - TUL03","Organic Goodness Natural Soy Wax Candle Mysore Chandan Sandalwood 200g","Organic","0","19.95","54633","NO",""
"UN - VE32","Vego Dark Chocolate Bar Nuts & Berries 12x85g","Vego","0","107.4","54657","NO",""
"UN - WBL38","Wheatbags Love Eye Mask - Luxe Linen Slate x 1","Wheatbags","0","27.95","54717","NO",""
"UN - WBL41","Wheatbags Love Eye Mask - Luxe Linen Copper x 1","Wheatbags","0","27.95","54723","NO",""
"UN - WEL129","Weleda Rose-Calendula Cream 36ml","Weleda","0","38.95","54737","NO",""
"UN - WEL249","Weleda Heel Balm 36ml","Weleda","0","36.95","54745","NO",""
"UN - WEL254","Weleda 24h Hydrating Facial Lotion Cactus 30ml","Weleda","0","28.95","54747","NO",""
"UN - WEL255","Weleda 24h Hydrating Facial Cream Cactus 30ml","Weleda","0","28.95","54749","NO",""
"UN - WEL256","Weleda Hydrating Eye Gel Cactus 10ml","Weleda","0","28.95","54751","NO",""
"UN - WEL257","Weleda Hydrating Facial Mist Cactus 100ml","Weleda","0","29.95","54753","NO",""
"UN - WN47","Wotnot Natural Face Sunscreen 40 SPF Tinted Light-Medium BB Cream 60g","Wotnot","0","34.95","54777","NO",""
"UN - WN61","Wotnot Certified Organic Tan Water Mist 100ml","Wotnot","0","29.95","54781","NO",""
"UN - WN62","Wotnot Certified Organic Self Tan Mousse Medium 150ml","Wotnot","0","29.95","54783","NO",""
"UN - WN63","Wotnot Certified Organic Self Tan Mousse Ultra Dark 150ml","Wotnot","0","29.95","54785","NO",""
"UN - GEM03","Gem Toothpaste Triple Whitening Apple Mint 100g","Gem","0","14.95","62058","NO",""
"UN - GEM05","Gem Toothpaste Triple Whitening Rose Mint 100g","Gem","0","14.95","62059","NO",""
"UN - AC180","Amazonia Raw Protein Daily Nourish Vanilla 500g","Amazonia","0","59.95","61800","NO",""
"UN - AC181","Amazonia Raw Protein Daily Nourish Chocolate 500g","Amazonia","0","59.95","61812","NO",""
"UN - AC182","Amazonia Raw Protein Daily Nourish Vanilla 750g","Amazonia","0","74.95","61813","NO",""
"UN - CV61","Comvita Bee Propolis Toothpaste Cleans and Polishes Freshmint 100g","Comvita","0","9.95","62054","NO",""
"UN - AC133","Amazonia Raw Wholefood Extracts Vitamin C+ 300g","Amazonia","0","74.95","62052","NO",""
"UN - GEM13","Gem Toothpaste Triple Whitening Fluoride Watermelon Mint 100g","Gem","0","14.95","62061","NO",""
"UN - AE107","Alter Eco Chocolate Organic Raspberry Creme Dark Truffle Thins 12 x 84g","Alter","0","83.4","62075","NO",""
"UN - AE109","Alter Eco Chocolate Organic Orange Creme Dark Truffle Thins 12 x 84g","Alter","0","83.4","62076","NO",""
"UN - ANW114ST","Antipodes Skincare Set Glow Vitamin C, Gospel, Diem 3pk","Antipodes","0","54","62081","NO",""
"UN - ANW115ST","Antipodes Skincare Set Collagen Boost Avo Pear, Rejoince, Aura 3pk","Antipodes","0","70","62082","NO",""
"UN - ANW94","Antipodes Credo Probiotic Ferment Revitalise Serum MINI 10ml","Antipodes","0","17","62126","NO",""
"UN - AO61","Amazing Oils Magnesium Sleep Lotion With Lavender & Chamomile 60ml","Amazing","0","22.95","62131","NO",""
"UN - AO73","Amazing Oils Magnesium Active Roll-On Gel w Arnica, Wintergreen & Menthol 60ml","Amazing","0","22.95","62132","NO",""
"UN - AO91","Amazing Oils Magnesium Flex Bath Flakes Magnesium Chloride & MSM 800g","Amazing","0","24.95","62136","NO",""
"UN - AO92","Amazing Oils Magnesium Flex Bath Flakes Magnesium Chloride & MSM 2kg","Amazing","0","49.95","62137","NO",""
"UN - AS19","Alchemy Chai Elixir Original 300ml","Alchemy","0","12.95","62138","NO",""
"UN - BN27","Bennetto Organic Dark Chocolate Pistachios in Dark 14 x 100g","Bennetto","0","161","62232","NO",""
"UN - BN96","Bennetto Organic Dark Chocolate Dark Coffee 12 x 80g","Bennetto","0","114","62241","NO",""
"UN - CH228","Cheeki Coffee Cup Quartz 350ml","Cheeki","0","32.95","62281","NO",""
"UN - CH229","Cheeki Coffee Cup Moss 350ml","Cheeki","0","32.95","62282","NO",""
"UN - CH230","Cheeki Coffee Cup Graphite 350ml","Cheeki","0","32.95","62283","NO",""
"UN - CH259","Cheeki Coffee Cup Marble 350ml","Cheeki","0","36.95","62284","NO",""
"UN - CLE18","CleanLIFE Bathroom Plastic Free Wipes Antibacterial Cleaning 25pk","CleanLIFE","0","5.99","62335","NO",""
"UN - CLIF08DATE","CLIF Energy Bar Cool Mint Choc 49mg Caffeine 12 x 68g ","CLIF","0","47.4","62338","NO",""
"UN - CV52","Comvita Medihoney Wound Gel Antibacterial 25g","Comvita","0","19.95","62379","NO",""
"UN - CV60","Comvita Bee Propolis Toothgel Gently Cleans Mild Mint 90g","Comvita","0","9.95","62380","NO",""
"UN - DJA60","DJ&A Wasabi Flavoured Snack Mix 9 x 150g","DJ&A","0","37.8","62445","NO",""
"UN - EE40","Eclipse Organics Raw Paleo Bar Berry Ripe 12 x 45g","Eclipse","0","47.4","62484","NO",""
"UN - EE41","Eclipse Organics Raw Paleo Bar Choc Mint Slice 12 x 45g","Eclipse","0","47.4","62485","NO",""
"UN - EE42","Eclipse Organics Raw Paleo Bar Chocolate Brownie 12 x 45g","Eclipse","0","47.4","62486","NO",""
"UN - EE43","Eclipse Organics Raw Paleo Bar Choc Orange Fudge 12 x 45g","Eclipse","0","47.4","62487","NO",""
"UN - EE44","Eclipse Organics Raw Paleo Bar Coconut Rough 12 x 45g","Eclipse","0","47.4","62488","NO",""
"UN - EE46","Eclipse Organics Raw Paleo Bar Chunky Peanut Butter 12 x 45g","Eclipse","0","47.4","62490","NO",""
"UN - EH36","Alaffia Kids Bubble Bath Eucalyptus Mint 950ml","Alaffia","0","29.95","62514","NO",""
"UN - EH37","Alaffia Kids Bubble Bath Coconut Strawberry 950ml","Alaffia","0","29.95","62515","NO",""
"UN - EH60","Alaffia Good Soap Hand Soap Lavender 355ml","Alaffia","0","16.95","62516","NO",""
"UN - EH61","Alaffia Good Soap Hand Soap Eucalyptus Mint 355ml","Alaffia","0","16.95","62517","NO",""
"UN - ETH03","Ethical Zinc Daily Wear Tinted Facial Sunscreen Light Tint SPF 50+ 100g","Ethical","0","24.95","62557","NO",""
"UN - ETH04","Ethical Zinc Daily Wear Tinted Facial Sunscreen Dark Tint SPF 50+ 100g","Ethical","0","24.95","62558","NO",""
"UN - EVM24","EveryOrganics EveryMite Baby Low FODMAP & Super Low Salt 950g","EveryOrganics","0","49.95","62608","NO",""
"UN - GAM10","Gaiam Yoga Mat Premium Support 6mm Dark Marble 61cm x 173cm ","Gaiam","0","54.95","62647","NO",""
"UN - GAM12","Gaiam Yoga Mat Premium Support 6mm Sea Glass 61cm x 173cm ","Gaiam","0","54.95","62648","NO",""
"UN - GAM14","Gaiam Yoga Mat Premium Support 6mm Seaglass Urban 61cm x 173cm ","Gaiam","0","54.95","62649","NO",""
"UN - GAM15","Gaiam Yoga Mat Classic Starter 3mm Light Blue Flower 61cm x 173cm ","Gaiam","0","39.95","62650","NO",""
"UN - GAM16","Gaiam Yoga Mat Premium Support 6mm Seaglass Claret 61cm x 173cm ","Gaiam","0","54.95","62651","NO",""
"UN - GAM17","Gaiam Yoga Mat Essential Support 4.5mm Blue Flower 61cm x 173cm ","Gaiam","0","44.95","62652","NO",""
"UN - GAM20","Gaiam Strength & Flexibility Kit Light, Medium & Heavy Bands ","Gaiam","0","36.95","62653","NO",""
"UN - GAM22","Gaiam Yoga Socks Super Grippy Small-Medium 1 Pair","Gaiam","0","19.95","62655","NO",""
"UN - GAM23","Gaiam Core & Back Pilates Ball ","Gaiam","0","22.95","62656","NO",""
"UN - GAM24","Gaiam Flatband Mobility & Movement Light ","Gaiam","0","15.95","62657","NO",""
"UN - GAM25","Gaiam Flatband Tone Up Medium ","Gaiam","0","16.95","62658","NO",""
"UN - GAM28","Gaiam Flatband Loop Tone Up Medium ","Gaiam","0","16.95","62660","NO",""
"UN - GAM31","Gaiam No Knots Massage Ball  ","Gaiam","0","18.95","62662","NO",""
"UN - GAM32","Gaiam Ultimate Foot & Body Massager  ","Gaiam","0","14.95","62663","NO",""
"UN - GAM35","Gaiam Deep Relief Vibration Massager  ","Gaiam","0","39.95","62666","NO",""
"UN - GAM37","Gaiam Hot & Cold Neck Cradle  ","Gaiam","0","32.95","62668","NO",""
"UN - GAM39","Gaiam Acupressure Mat & Pillow  ","Gaiam","0","64.95","62669","NO",""
"UN - GAM41","Gaiam Balance Ball 65cm ","Gaiam","0","44.95","62670","NO",""
"UN - GAM43","Gaiam Pilates Reformer 4-Loop Design and Multiple Grips ","Gaiam","0","39.95","62671","NO",""
"UN - GAM46","Gaiam Neck Massager with USB Charger ","Gaiam","0","69.95","62673","NO",""
"UN - GAM48","Gaiam Diffuser with USB 10cm x 10cm ","Gaiam","0","34.95","62674","NO",""
"UN - GAM51","Gaiam Revive and Renew Hot & Cold Therapy Wrap ","Gaiam","0","49.95","62677","NO",""
"UN - GAM52","Gaiam Yoga & Barre Grippy Socks Small-Medium 1 Pair","Gaiam","0","19.95","62678","NO",""
"UN - GAM70","Gaiam Cold & Hot Compression Recovery Sleeve Medium ","Gaiam","0","44.95","62683","NO",""
"UN - GEM21","Gem Mouthwash Premium Natural Coconut Mint 500ml","Gem","0","14.95","62709","NO",""
"UN - GEM32","Gem Whitening Pen Watermelon Mint 4ml","Gem","0","19.95","62712","NO",""
"UN - GRA02","Grass Roots Australian Hemp Seed Oil 250ml","Grass","0","14.95","62746","NO",""
"UN - HW123","Happy Way Charge Up Dragon Fruit 60g","Happy Way","0","14.95","62905","NO",""
"UN - HW124","Happy Way Charge Up Green Apple 60g","Happy Way","0","14.95","62906","NO",""
"UN - HW125","Happy Way Charge Up Mango 60g","Happy Way","0","14.95","62907","NO",""
"UN - HW126","Happy Way Charge Up Pineapple 60g","Happy Way","0","14.95","62908","NO",""
"UN - HW127","Happy Way Charge Up Watermelon 60g","Happy Way","0","14.95","62909","NO",""
"UN - HW131","Happy Way Ashy Bines Vegan Protein Water Grape Bubble Gum 420g","Happy Way","0","59.95","62911","NO",""
"UN - HW138","Happy Way Ashy Bines Whey Protein Water Grape Bubble Gum 420g","Happy Way","0","59.95","62918","NO",""
"UN - HW141","Happy Way Sophie's Sleep Tight Hot Choccy Vegan 200g","Happy Way","0","42.95","62921","NO",""
"UN - HW192","Happy Way Pre-Workout Powder Mango 250g","Happy Way","0","59.95","62941","NO",""
"UN - KC35","Koala Eco Laundry Delicate Wash Rosalina 500ml","Koala","0","21.95","62990","NO",""
"UN - KC53","Koala Eco Gift Pack Clean & Safe Sanitiser, H/Wash, Fruit Veg Wash 3pk","Koala","0","47.95","62999","NO",""
"UN - MAC181","MACRO MIKE Plant Based Luxe Protein Sample Pack 6 x 40g","MACRO MIKE","0","39.95","63059","NO",""
"UN - MAC183","MACRO MIKE Premium Almond Protein Golden Gaytime 12 x 40g","MACRO MIKE","0","71.4","63061","NO",""
"UN - MAC195","MACRO MIKE Mug Cake Mix Plant Protein Double Choc Chip 12 x 50g","MACRO MIKE","0","71.4","63062","NO",""
"UN - MAC204","MACRO MIKE The Macro Shake Meal Replacement PB Vanilla Ice Cream 12 x 56g","MACRO MIKE","0","83.4","63065","NO",""
"UN - MAC221","MACRO MIKE Protein Indulgence Bar Peanut Chocolate Caramel 12 x 60g","MACRO MIKE","0","71.4","63074","NO",""
"UN - MAC231","MACRO MIKE Protein Ball Cookies & Cream 12 x 40g","MACRO MIKE","0","54","63076","NO",""
"UN - MAC92DATE","MACRO MIKE MACRO MIKE Super Greens Apple 300g 300g","MACRO MIKE","0","64.95","63078","NO",""
"UN - MS12","Mingle Green Goddess All Natural Seasoning 10 x 40g","Mingle","0","59.5","63193","NO",""
"UN - MS13","Mingle Ciao Bella Italian Mix All Natural Seasoning 10 x 35g","Mingle","0","59.5","63194","NO",""
"UN - MS14","Mingle Pizza All Natural Seasoning 10 x 35g","Mingle","0","59.5","63195","NO",""
"UN - MS39","Mingle Everything Bagel Spicy Edition All Natural Seasoning 10 x 50g","Mingle","0","59.5","63200","NO",""
"UN - NT17DATE","Natracare Maternity Pads 10pk","Natracare","0","11.99","63262","NO",""
"UN - NTR05","Nature's Help Meno Sleep Night Formula 60 Caps","Nature's","0","49.95","63274","NO",""
"UN - NTR12","Nature's Help Meno Femin Libido and Body Health Capsules 60 Caps","Nature's","0","69.95","63277","NO",""
"UN - PL107","Planet Organic Gripe Tea Herbal Tea Bags 25pk","Planet Organic","0","11.95","63376","NO",""
"UN - PT121","Protein Supplies Australia Branched Chain Amino Acids Grape 200g","Protein Supplies","0","42.95","63479","NO",""
"UN - PT202","Protein Supplies Australia Protein Water Tropical Punch 800g","Protein Supplies","0","94.95","63492","NO",""
"UN - PT210","Protein Supplies Australia Protein Water Raspberry 300g","Protein Supplies","0","49.95","63493","NO",""
"UN - RK70","Retrokitchen 100% Compostable Sponge Cloth Beetroots ","Retrokitchen","0","7.95","63529","NO",""
"UN - RK73","Retrokitchen 100% Compostable Sponge Cloth Pelicans ","Retrokitchen","0","7.95","63532","NO",""
"UN - RK74","Retrokitchen 100% Compostable Sponge Cloth Retro Flowers ","Retrokitchen","0","7.95","63533","NO",""
"UN - RK87ST","Retrokitchen 100% Compostable Sponge Cloth Christmas Gifts ","Retrokitchen","0","7.95","63537","NO",""
"UN - AC314","Amazonia Raw Beauty Collagen Glow Unflavoured 200g","Amazonia","0","37.99","63562","NO",""