BC_Product_ID,SKU,Brand,Name,Inventory
53637,UN - EWN03,(no brand),Earthwise Nourish Hippo Baby Bedtime Bath 275ml,1000
53639,UN - EWN04,(no brand),Earthwise Nourish Hippo Baby Bubble Bath 275ml,1000
55526,OB - CBRDRMGT,(no brand),Cub & Bear Co Natural Rubber Dummy Round Teat Medium (3-6 Months) Sage Green Twin Pack,1000
55506,OB - BWXHWCSRL,(no brand),Base (Soap With Impact) Hand Wash Castile Soap (Unscented) Refill 5L,1000
55524,OB - CBRDRLPT,(no brand),Cub & Bear Co Natural Rubber Dummy Round Teat Large (6+ Months) Blush Pink Twin Pack,1000
61880,OB - BUBSWO,(no brand),Burts Bees Baby Shampoo and Wash Original 236ml,1000
61881,OB - BWXBSHA,(no brand),Base Bar Shampoo (Boxed) 120g,1000
62143,UN - BD28,(no brand),Blue Dinosaur Berry Coconut Snack Bar  12 x 45g,1000
62163,UN - BGR10,(no brand),Buderim Ginger Crystallised Ginger Coated in Crunch 200g,1000
62172,UN - BGR124,(no brand),Buderim Ginger Australian Ginger Vitality Shot 10 x 50ml,1000
62196,UN - BGR44,(no brand),Buderim Ginger Australian Ready Cut Ginger 200g,1000
62199,UN - BJ103,(no brand),Keto Naturals Almond Flour Crackers Rosemary & Garlic 8 x 64g,1000
62201,UN - BJ122,(no brand),Real Naturals Shiitake Mushroom Chips Garlic & Herb 12 x 32g,1000
62267,UN - YA84,(no brand),Yava Granola with Cashews Chocolate Banana 400g,1000
62416,UN - DJA01,(no brand),DJ&A Veggie Crisps Original 9 x 90g,1000
62420,UN - DJA10,(no brand),DJ&A Crunch Time Original 9 x 50g,1000
62433,UN - DJA38,(no brand),DJ&A Yellow Sweet Potato Crisps 10 x 55g,1000
62448,UN - DJA69,(no brand),"DJ&A Freeze Dried Yellow Peach, Lychee & Strawberries 10 x 35g",1000
62459,UN - DJA90,(no brand),DJ&A Cassava Vegetable Chips Original 5 x 100g,1000
62492,UN - EF50,(no brand),Pimp My Salad Cashew Parmesan 5 x 150g,1000
62495,UN - EF53,(no brand),Pimp My Salad Super Seed Sprinkles 5 x 135g,1000
62609,UN - EWN11,(no brand),"Naturely Nourish Body Wash Orange, Cedarwood & Sage 1L",1000
62635,UN - FI10,(no brand),Faith In Nature Body Wash Revitalising Dragon Fruit 400ml,1000
62638,UN - FI13,(no brand),Faith In Nature Body Wash Invigorating Grapefruit & Orange 400ml,1000
62645,UN - FI20,(no brand),Faith In Nature Conditioner Stimulating Rosemary 400ml,1000
62646,UN - FI21,(no brand),Faith In Nature Body Wash Balancing Wild Rose 400ml,1000
62665,UN - GAM34,(no brand),Gaiam Treat Your Feet Kit  ,1000
62684,UN - GAM72,(no brand),Gaiam Cold & Hot Compression Recovery Sleeve Large ,1000
62711,UN - GEM31,(no brand),Gem Whitening Pen Coconut Mint 6ml,1000
62719,UN - GEM63,(no brand),Gem Electric Toothbrush Replacement Heads Coconut 2pk,1000
62791,UN - HTS24,(no brand),Heritage Store Lavender Castor Oil 237ml,1000
62815,UN - EV39,(no brand),Every Bit Organic Pomegranate Vinegar with The Mother 6 x 500ml,1000
62816,UN - EV40,(no brand),Every Bit Organic Apple Cider Vinegar With The Mother 6 x 500ml,1000
62825,UN - GC43,(no brand),The Good Crisp Company Potato Crisps Cheddar Cheese 8 x 160g,1000
62839,UN - GCS31,(no brand),Good Change Store Refill Tablet Bathroom Cleaner x7,1000
63684,UN - SOW17,(no brand),Sow 'n Sow Gift of Seeds Wildflowers ,1000
62958,UN - IN12,(no brand),Infuzions Air Fries Tomato Sauce 6 x 90g,1000
62959,UN - JC15,(no brand),The Jojoba Company Australian Jojoba Oil for Face & Body 200ml,1000
63022,UN - LEDA12,(no brand),Leda Choc Chip Cookies Bakery Range 6 x 250g,1000
63028,UN - LEDA50,(no brand),Leda Cracker Miniz Cheeze Multi 6 Pack 6 x 150g,1000
63030,UN - LEDA60,(no brand),Leda Cracker Miniz Sour Crème & Chives 6 x 150g,1000
63095,UN - MDF109,(no brand),Mindful Foods Kelp Meal Raw Tasmanian 360g,1000
63115,UN - MDF140,(no brand),Mindful Foods Chia Seeds Organic 700g,1000
63120,UN - MDF150,(no brand),Mindful Foods Pepitas Organic & Activated 300g,1000
63126,UN - MDF162,(no brand),Mindful Foods Stardust Caramel Plant Protein Powder 380g,1000
63136,UN - MDF34,(no brand),Mindful Foods Cashews Organic & Activated 250g,1000
63142,UN - MDF44,(no brand),Mindful Foods Cashews Organic & Activated 500g,1000
63154,UN - MDF70,(no brand),Mindful Foods Stardust Anti-Inflammatory Organic Nutrient Powder 100g,1000
63164,UN - MF130,(no brand),The Monday Food Co. Activated Buckwheat Granola Cacao Berry 270g,1000
63273,UN - NTR04,(no brand),Nature's Help Her Balance Female Hormone Balancer 300g,1000
63309,UN - NVC18,(no brand),Natural Vanilla Company Alcohol Free Vanilla Extract 50ml,1000
62335,UN - CLE18,(no brand),CleanLIFE Bathroom Plastic Free Wipes Antibacterial Cleaning 25pk,1
41832,OB - HGPRPEAS,(no brand),Herbs of Gold Pain Relief PEA 30c,0
41915,BLOG - RCS,(no brand),Raw Caramel Slices Everything you need,0
42305,OB - HVLIQ,(no brand),Hivita Liquivita (Liquid Multi) 200ml,0
42862,OB - BOTA2518,(no brand),Bottle Amber 25ml 18mm (single),0
47415,OB - HVLIQL,(no brand),Hivita Liquivita (Liquid Multi) 500ml,0
53297,UN - AG10,(no brand),Arigato Bento Box Hot Air Balloons,0
62664,UN - GAM33,(no brand),Gaiam Hand Therapy Kit  ,0
61845,UN - ANS171,(no brand),Australian Natural Soap Co Hand & Body Everyday Luxury Lavender 100g,0
61846,UN - ANS181,(no brand),Australian Natural Soap Co Hand & Body Australian Bush Soap Wattle Seed 100g,0
53435,UN - CRN01,(no brand),Creative Nature Gnawbles Bites Creeamy M*lk Chocolate 15x30g,0
53437,UN - CRN02,(no brand),Creative Nature Gnawbles Bites Cheeky Choc Hazelnot 15x30g,0
53439,UN - CRN03,(no brand),Creative Nature Gnawbles Bites Super Salted Caramel 15x30g,0
53441,UN - CRN10,(no brand),Creative Nature Gnawbles Bites Creeamy M*lk Chocolate 6x75g,0
53619,UN - EVM11,(no brand),Everyorganics Australian Bee Pollen 150g,0
53621,UN - EVM12,(no brand),Everyorganics Cold Smoked Raw Honey 375g,0
53623,UN - EVM13,(no brand),Everyorganics Cold Smoked Sea Salt 150g,0
53625,UN - EVM14,(no brand),Everyorganics Cold Smoked Chilli Salt 110g,0
53627,UN - EVM15,(no brand),Everyorganics Cold Smoked Salt & Pepper 130g,0
53629,UN - EVM16,(no brand),Everyorganics Cold Smoked Shroom Salt 110g,0
53631,UN - EVM17,(no brand),Everyorganics Cold Smoked Extra Virgin Olive Oil 250ml,0
53717,UN - GRA23,(no brand),Grass Roots Organic Hemp Protein Powder 350g,0
53719,UN - GRA24,(no brand),Grass Roots Australian Hemp Protein Powder 350g,0
53721,UN - GRA30,(no brand),Grass Roots Organic Cacao Powder 250g,0
53723,UN - GRA31,(no brand),Grass Roots Organic Cacao Powder 500g,0
53725,UN - GRA40,(no brand),Grass Roots Organic Green Leaf Stevia Powder 250g,0
55746,OB - EBNM,(no brand),Earth 2 Brain (E2B) Nourish Mind 150g,0
55747,OB - EBVM,(no brand),Earth 2 Brain (E2B) Vital Mind 60c,0
54551,UN - STF02,(no brand),"Stuff Exfoliating Face Scrub Pumice, Almond Oil and Cedarwood 100ml",0
54627,UN - TM83,(no brand),Tooshies Nappies Size 3 Crawler 6-11kg 2x44,0
54629,UN - TUL01,(no brand),Organic Goodness Natural Soy Wax Candle Patchouli Vanilla 200g,0
54631,UN - TUL02,(no brand),Organic Goodness Natural Soy Wax Candle Madurai Jasmine 200g,0
54633,UN - TUL03,(no brand),Organic Goodness Natural Soy Wax Candle Mysore Chandan Sandalwood 200g,0
55261,OB - BFXCOCCH,(no brand),Before You Speak Collagen Creamer Chocolate 450g,0
55262,OB - BFXCOCN,(no brand),Before You Speak Collagen Creamer Natural 450g,0
55294,OB - BFXKCCA,(no brand),Before You Speak Keto Creamer Caramel 450g,0
55741,OB - DPXTASMD,(no brand),"Doctor Plotka's Mouthwatchers Toothbrushes Adult Soft Mixed(Blue, Green, Orange, Red)",0
60910,OB - NVXSMMOS,(no brand),Nature's Harvest Shroom Magic Mix 67g,0
60971,OB - NVXSMMOJ,(no brand),Nature's Harvest Shroom Magic Mix Jar 238g,0
60973,OB - NVXTLMOJ,(no brand),Nature's Harvest Turmeric Latte Mix Jar 250g,0
61824,OB - AA4ZSR,(no brand),AOTEAROAD Aotearoad GWP Zinki Stick (Random Colour) 15g,0
61883,OB - AABMS,(no brand),Aotearoad Body Moisturising Stick Pina Colada and Zinc 60g,0
61947,1KIK - TEE-BEET-1000,(no brand),Teelixir Certified Organic Mushroom Beet Latte with Chaga 1000g,0
62061,UN - GEM13,(no brand),Gem Toothpaste Triple Whitening Fluoride Watermelon Mint 100g,0
62138,UN - AS19,(no brand),Alchemy Chai Elixir Original 300ml,0
62338,UN - CLIF08DATE,(no brand),CLIF Energy Bar Cool Mint Choc 49mg Caffeine 12 x 68g ,0
62431,UN - DJA32,(no brand),DJ&A Crispy Beetroot Slices 10 x 35g,0
62443,UN - DJA56,(no brand),DJ&A Nature's Protein Mix 12 x 70g,0
62445,UN - DJA60,(no brand),DJ&A Wasabi Flavoured Snack Mix 9 x 150g,0
62493,UN - EF51,(no brand),Pimp My Salad Plant-based Bacon Bits 5 x 80g,0
62608,UN - EVM24,(no brand),EveryOrganics EveryMite Baby Low FODMAP & Super Low Salt 950g,0
62647,UN - GAM10,(no brand),Gaiam Yoga Mat Premium Support 6mm Dark Marble 61cm x 173cm ,0
62648,UN - GAM12,(no brand),Gaiam Yoga Mat Premium Support 6mm Sea Glass 61cm x 173cm ,0
62649,UN - GAM14,(no brand),Gaiam Yoga Mat Premium Support 6mm Seaglass Urban 61cm x 173cm ,0
62650,UN - GAM15,(no brand),Gaiam Yoga Mat Classic Starter 3mm Light Blue Flower 61cm x 173cm ,0
62651,UN - GAM16,(no brand),Gaiam Yoga Mat Premium Support 6mm Seaglass Claret 61cm x 173cm ,0
62652,UN - GAM17,(no brand),Gaiam Yoga Mat Essential Support 4.5mm Blue Flower 61cm x 173cm ,0
62653,UN - GAM20,(no brand),"Gaiam Strength & Flexibility Kit Light, Medium & Heavy Bands ",0
62655,UN - GAM22,(no brand),Gaiam Yoga Socks Super Grippy Small-Medium 1 Pair,0
62656,UN - GAM23,(no brand),Gaiam Core & Back Pilates Ball ,0
62657,UN - GAM24,(no brand),Gaiam Flatband Mobility & Movement Light ,0
62658,UN - GAM25,(no brand),Gaiam Flatband Tone Up Medium ,0
62660,UN - GAM28,(no brand),Gaiam Flatband Loop Tone Up Medium ,0
62662,UN - GAM31,(no brand),Gaiam No Knots Massage Ball  ,0
62663,UN - GAM32,(no brand),Gaiam Ultimate Foot & Body Massager  ,0
62666,UN - GAM35,(no brand),Gaiam Deep Relief Vibration Massager  ,0
62668,UN - GAM37,(no brand),Gaiam Hot & Cold Neck Cradle  ,0
62669,UN - GAM39,(no brand),Gaiam Acupressure Mat & Pillow  ,0
62670,UN - GAM41,(no brand),Gaiam Balance Ball 65cm ,0
62671,UN - GAM43,(no brand),Gaiam Pilates Reformer 4-Loop Design and Multiple Grips ,0
62673,UN - GAM46,(no brand),Gaiam Neck Massager with USB Charger ,0
62674,UN - GAM48,(no brand),Gaiam Diffuser with USB 10cm x 10cm ,0
62677,UN - GAM51,(no brand),Gaiam Revive and Renew Hot & Cold Therapy Wrap ,0
62678,UN - GAM52,(no brand),Gaiam Yoga & Barre Grippy Socks Small-Medium 1 Pair,0
62683,UN - GAM70,(no brand),Gaiam Cold & Hot Compression Recovery Sleeve Medium ,0
62712,UN - GEM32,(no brand),Gem Whitening Pen Watermelon Mint 4ml,0
62713,UN - GEM36,(no brand),Gem Whitening Strips Crisp Mint 28pcs,0
62714,UN - GEM40,(no brand),Gem Breath Spray Crisp Mint 9ml,0
62746,UN - GRA02,(no brand),Grass Roots Australian Hemp Seed Oil 250ml,0
62753,UN - GRD16,(no brand),Good Riddance Insect Repellent Sensitive 100ml,0
63163,UN - MF123,(no brand),The Monday Food Co. Keto Gourmet Granola Cranberry Clusters 800g,0
63274,UN - NTR05,(no brand),Nature's Help Meno Sleep Night Formula 60 Caps,0
63277,UN - NTR12,(no brand),Nature's Help Meno Femin Libido and Body Health Capsules 60 Caps,0
63338,UN - ORA38,(no brand),Ora Health Mag3 Complete 120 Caps,0
8789,UN - DF08,2Die4 Live Foods,2Die4 Live Foods Activated Cashews 300g,1000
8793,UN - DF11,2Die4 Live Foods,2Die4 Live Foods Activated Mixed Nuts 120g,1000
8796,UN - DF13,2Die4 Live Foods,2Die4 Live Foods Activated Pecans 120g,1000
8808,UN - DF23,2Die4 Live Foods,2Die4 Live Foods Activated Walnuts 120G,1000
41972,OB - AETGRML,Abode Cleaning Products,Abode Toilet Gel Rosemary and Mint 4L,1000
42637,OB - AEFSC,Abode Cleaning Products,Abode Fabric Softener Comfort 1L,1000
43006,OB - AEFVW,Abode Cleaning Products,Abode Fruit and Vegetable Wash 500ml,1000
47568,OB - AESSLSL,Abode Cleaning Products,Abode Surface Spray Lime Spritz 4L,1000
47644,OB - AEWDZL,Abode Cleaning Products,Abode Cleaning Products Wool & Delicates (Front & Top Loader) Zero 4L,1000
47226,OB - AESSLS,Abode Cleaning Products,Abode Surface Spray Lime Spritz Spray 500 ml ,0
42774,OB - ASFDMS,Absolute Fruitz,AbsoluteFruitz Freeze Dried Mango Slices 15g,1000
34666,KIK - RO-UNWIN,Acacia Aromatherapy,Acacia Unwind Certified Organic Essential Oil Roll-on 10mL,15
34084,UN - AR176,Acure,Acure Incredibly Clear Facial Cleansing Bar 113g,0
34093,UN - AR364,Acure,Acure Ultra Hydrating Watermelon Seed Oil 30ml,0
53322,UN - AR124,Acure,Acure Brightening 2% Alpha Arbutin Serum 30ml,0
53328,UN - AR158,Acure,Acure Seriously Soothing Jelly Milk Makeup Remover 118ml,0
53330,UN - AR250,Acure,Acure Brightening Vitamin C Jelly Mask 30ml,0
53331,UN - AR251,Acure,Acure Brightening Vitamin C Sunset Serum 30ml,0
53332,UN - AR252,Acure,Acure Brightening Vitamin C Superfine Mist 59ml,0
1257,UN - EH07,Alaffia,Alaffia Lavender Body Wash 950 ml,0
1261,UN - EH10,Alaffia,Alaffia Lavender Body Lotion 950ml,0
1262,UN - EH11,Alaffia,Alaffia Vanilla Body Lotion 950ml,0
1264,UN - EH16,Alaffia,Alaffia Body Lotion Purely Coconut 950ml,0
1268,UN - EH14,Alaffia,Alaffia Coconut Conditioner 950ml,0
1269,UN - EH01,Alaffia,Alaffia Lavender Shampoo 950 ml,0
1272,UN - EH13,Alaffia,Alaffia Coconut Shampoo Purely Coconut 950ml,0
7757,UN - AF02,Alaffia,Alaffia African Black Soap Tangerine Citrus 476ml,0
7758,UN - EH21,Alaffia,Alaffia Lip Balm Coconut Mint 4.25g,0
7863,UN - AF03,Alaffia,Alaffia African Black Soap Lavender Ylang Ylang 476ml,0
7864,UN - EH22,Alaffia,Alaffia Lip Balm Coconut Pineapple 4.25g,0
9010,UN - EH23,Alaffia,Alaffia Lip Balm Purely Coconut 4.25g,0
53296,UN - AF05,Alaffia,Alaffia African Black Soap All-In-One Wild Lavender 476ml,0
53507,UN - EH39,Alaffia,Alaffia Kids Bubble Bath Lemon Lavender 950ml,0
53509,UN - EH51,Alaffia,Alaffia Shea Butter Passion Fruit 312g,0
62515,UN - EH37,Alaffia,Alaffia Kids Bubble Bath Coconut Strawberry 950ml,0
62516,UN - EH60,Alaffia,Alaffia Good Soap Hand Soap Lavender 355ml,0
62517,UN - EH61,Alaffia,Alaffia Good Soap Hand Soap Eucalyptus Mint 355ml,0
676,UN - AP04,Aloe Pura,Aloe Pura Aloe A Er Sun 200ml,1000
30140,GBN - ALOE113,Aloe Vera of Australia,Aloe Vera of Australia Aloe Vera Creme Plus 70% 125ml,0
5884,UN - AW03,ALPS,Alps Replacement Filter Cartridge,1000
53314,UN - AO40,Amazing Oils,AMAZING OILS Prevents Magnesium Deficiency Sensitive Spray 125ml,0
53319,UN - AO70,Amazing Oils,Amazing Oils Magnesium Active Spray 125ml,0
62132,UN - AO73,Amazing Oils,"Amazing Oils Magnesium Active Roll-On Gel w Arnica, Wintergreen & Menthol 60ml",0
62136,UN - AO91,Amazing Oils,Amazing Oils Magnesium Flex Bath Flakes Magnesium Chloride & MSM 800g,0
62137,UN - AO92,Amazing Oils,Amazing Oils Magnesium Flex Bath Flakes Magnesium Chloride & MSM 2kg,0
6354,UN - AC84,Amazonia,Amazonia Vitamin C 120G,0
53268,UN - AC202,Amazonia,Amazonia Raw Protein Bar Peanut Butter Choc Melt 10X40G,0
62052,UN - AC133,Amazonia,Amazonia Raw Wholefood Extracts Vitamin C+ 300g,0
34982,GBN - AUNC201,ANC Health Supplements | Buy Organics Online,A Good Night Sleep ANC 100 tablets,0
34986,GBN - AUNC200,ANC Health Supplements | Buy Organics Online,ANC Peaceful Sleep 60 Tablet,0
34983,GBN - AUNC202,ANC Health Supplements | Buy Organics Online,ANC Magnesium Chelate 1000mg 90 Tablets,0
34985,GBN - AUNC204,ANC Health Supplements | Buy Organics Online,ANC CoQ10 150mg One-A-Day 60 Capsules,0
34987,GBN - AUNC208,ANC Health Supplements | Buy Organics Online,ANC Calcium & Vitamin D3 & K2 60 Tablets,0
45877,OB - AMMAGBFU,Ancient Minerals,Ancient Minerals Magnesium Bath Flakes Ultra 750g,1000
62100,UN - ANW30,Antipodes,Antipodes Hallelujah Lime & Patchouli Nourishing Cleanser 200ml,1000
62108,UN - ANW48,Antipodes,Antipodes Divine Rosehip & Avocado Oil Face Oil 30ml,1000
62109,UN - ANW50,Antipodes,Antipodes Kiwi Seed Oil Eye Cream 30ml,1000
62122,UN - ANW84,Antipodes,Antipodes Baptise H2O Ultra-Hydrating Water Gel 60ml,1000
41975,OB - AIMFIPT,Antipodes,Antipodes Mineral Finishing Powder Translucent 11g,0
42490,OB - AIFPER,Antipodes,Antipodes Facial Polish & Exfoliator Reincarnation 75ml,0
43055,OB - AITAARO,Antipodes,Antipodes Toner Ananda Antioxidant Rich 100ml,0
54968,OB - AISGRS,Antipodes,Antipodes Glow Ritual Vitamin C Serum with Plant Hyaluronic Acid 10ml,0
54954,OB - AIDCHMH,Antipodes,Antipodes Harmony Manuka Honey Day Cream 60ml,0
656,UN - AM03,Auromere,Auromere Mint Free Toothpaste 117g,1000
657,UN - AM04,Auromere,Auromere Cardamom Toothpaste 117g,1000
659,UN - AM06,Auromere,Auromere Neem Picks 100 Picks,0
42182,OB - AUEOMCO,Ausganica,Ausganica Organic Essential Oil May Chang 10ml,1000
42600,OB - AUCLSOS,Ausganica,Ausganica Lavender Soothing Conditioner 30ml,1000
43152,OB - AUROESFO,Ausganica,Ausganica Organic Roll On Energy and Stress Free 14ml,1000
4882,KIK - HOF04,Ausganica,Ausganica Rose Geranium Nourishing Hand And Body Lotion 500ml,6
453,KIK - HBR01,Ausganica,Ausganica Root Strength Shampoo 250ml,5
447,KIK - HRR01,Ausganica,Rose Shampoo By Ausganica 250ml,0
20796,KIK - HOF11,Ausganica,Ausganica Lemon Myrtle Purifing Shampoo 500ml,0
46519,OB - ACXKPMLC,Australian Creams,Aust Creams Kakadu Plum Moisturising Lotion Cooling 150ml,0
41868,OB - AYAC,Ayuna,Ayuna AMA Care 100vc,0
47834,KIK - BS-GPC,Base Soaps,Base Soaps Geranium & Pink Clay Bar Soap,9
9066,UN - BA24,Bass Body Care,Bass Body Care Flower Sponge (Extra Thick) Color May Vary 1,1000
42107,OB - BEXLBSPD,Bee Natural,Bee Natural Lip Balm Stick Peppermint 4.5ml x 12 Display,0
46450,OB - BEXHBLCO,Bee Natural,Bee Natural Hand and Body Lotion Coconut 200ml,0
53350,UN - BN15,Bennetto,Bennetto Organic Dark Chocolate Amaranth & Sea Salt 13x100g,0
53358,UN - BN25,Bennetto,Bennetto Organic Dark Chocolate Exceptionally Dark 14x100g,0
62241,UN - BN96,Bennetto,Bennetto Organic Dark Chocolate Dark Coffee 12 x 80g,0
41873,OB - BZAMHLL,Berringa,Berringa Honey Australia Manuka Honey Lozenges Lemon and Menthol 150g,0
42436,OB - BZSM4,Berringa,Berringa Australia Manuka Honey High Strength (MGO 400) 250g,0
47565,OB - BZRHHC,Berringa,Berringa Australia Pure Raw and Unfiltered Honey with Honeycomb 550g,0
62212,UN - BL03,Biologika,Biologika Roll-On Deodorant Live It Up 70ml,1000
62221,UN - BL47,Biologika,Biologika Shampoo Sensitive 500ml,1000
34848,KIK - ORG69,Biologika,Biologika Citrus Rose Conditioner 1L,14
314,KIK - ORG68,Biologika,Biologika Citrus Rose Shampoo 1L,11
45052,OB - BIECWB5PK,Biosun Earcandle,Biosun EarCandle Trad Wellbeing Ritual 5 Pairs x 5 Packet,0
42992,OB - BIECWB25B,Biosun Earcandle,Biosun EarCandle Trad Wellbeing Rit 1 Pair x 25 Bundle,0
23748,UN - BTF23,Biotuff,Biotuff Compostable Displayosable Gloves Medium 200,0
23749,UN - BTF24,Biotuff,Biotuff Compostable Displayosable Gloves Large 200,0
53388,UN - BTF31,Biotuff,Biotuff Nappy Waste Bags & Dispenser 4 x 10 Bag Rolls x40,0
53392,UN - BTF40,Biotuff,Biotuff Xtra Tuff Garden Waste Large Bags 54L x10,0
53394,UN - BTF41,Biotuff,Biotuff Xtra Tuff Multi-Purpose Large Bags 80L x5,0
53396,UN - BTF42,Biotuff,Biotuff Council Bin Liners Large Bags 140L x12,0
45204,OB - BLLD,Blooms,Blooms Liver Detox (1 a day) 60c,1000
43260,OB - BLMSMP,Blooms,Blooms Msm Powder 300g,1000
45189,OB - BLGLUP,Blooms,Blooms Glucosamine 1500 Plus 90t,0
30223,GBN - BDSS125,Blue Dinosaur Paleo Bars,Blue Dinosaur Bite Chocolate Brownie 30g x 18,0
43280,OB - BRXAPBF,Bobs Red Mill,Bob's Red Mill Gluten Free All Purpose Baking Flour 623g,0
42545,OB - BOPA,Bonvit,Bonvit Prune All Spread 375g,0
47776,OB - BORDFL,Bonvit,Bonvit Roasted Dandelion Blend Fine 1kg,0
63324,UN - OH69,Book,Book Medical Medium Brain Saver by Anthony William ,1000
42733,OB - BMXPWPC,Boomers Whey Protein,Boomers 100 percent Whey Protein Concentrate 300g,0
55487,OB - BTRPRE,Botani,Botani Rescue Pore Refiner Essence (Exfoliate + Mattify) 100ml,1000
46570,OB - BTHLBD,Botani,Botani Healing Lip Balm 10g x 6 Display,0
55475,OB - BT7RYSPK,Botani,Botani Recharge Your Skin Pack,0
55476,OB - BT7SBPK,Botani,Botani Skin Boost Pack,0
30114,UN - BT121,Botanika Blends,Botanika Blends Dreamy Jelly Grape Bubblegum 70g,1000
55336,OB - BKXBBRGAPD,Botanika Blends,Botanika Blends Botanika Brekky Grandma's Apple Pie Flavour 60g x 12 Display,0
53343,UN - BR34,Bragg,Bragg Salad Dressing Apple Cider Vinaigrette 354ml,0
42329,OB - BRCALT,Brauer,Brauer Calm Everyday Stress 60t,1000
42174,OB - BRBKCMZL,Brauer,Brauer Baby and Kids Calcium with Magnesium Zinc Liq 200ml,0
42708,OB - BRBCTEE,Brauer,Brauer Baby and Child Teething For Teething Relief 100ml,0
62261,UN - BTE26,Buddha Teas,Buddha Teas Organic Herbal Tea Bags Echinacea Elderberry Blend 18pk,1000
62262,UN - BTE27,Buddha Teas,Buddha Teas Organic Herbal Tea Bags Meditation Moment 18pk,1000
53385,UN - BTE11,Buddha Teas,Buddha Teas Organic Herbal Tea Bags Cold Weather Defense Blend x18,0
42536,OB - BULBPOM,Burts Bees,Burts Bees Lip Balm Pomegranate Replenishing Tube 4.25g,1000
46794,OB - BUFCTWT,Burts Bees,Burts Bees Facial Cleansing Towelettes (White Tea) x 30 Pack,1000
41890,OB - BULIPSC,Burts Bees,Burt's Bees Lipstick Sunset Cruise 3.4g,0
46452,OB - BULIPSSP,Burts Bees,Burt's Bees Lipstick Suede Splash 3.4g,0
46702,OB - BULIPLL,Burts Bees,Burt's Bees Lipstick Lily Lake 3.4g,0
41904,OB - BULIPSS,Burts Bees,Burt's Bees Lipstick Scarlet Soaked 3.4g,0
702,UN - BC01,Byron Chai,Indian Spiced Tea 100g By Byron Chai,1000
42462,OB - BKSCHNKH,Cabot Health,How Not To Kill Your Husband by Dr Sandra Cabot,1000
45590,OB - SCTHL,Cabot Health,Cabot Health Thyroid Health 120c,1000
45080,OB - CWTAHOH,Carwari,Carwari Organic Tahini Hulled 375g,1000
42168,OB - CWTAMO,Carwari,Carwari Organic Traditional Japanese Tamari 250ml,1000
43481,OB - CHRPCMD,Cathay Herbal Retail,Cathay Herbal Paediatric Calm Me Down Formula 50g,1000
41939,OB - CHRPCF,Cathay Herbal Retail,Cathay Herbal Paediatric Cold and Flu Formula 50 g,1000
42662,OB - CHRLLCS,Cathay Herbal Retail,Cathay Herbal Loquat Leaf Cough Syrup 150ml,1000
47629,OB - CHRPPCH,Cathay Herbal Retail,Cathay Herbal Cool Herbal Power Patches x 10 Dermal Patches,1000
7681,UN - CH58,Chai Tea,Organic Rainbow Spiced Cacao 150g,1000
62318,UN - CH69,Chai Tea,Chai Tea Organic Tulsi Rose Chai Tea Bags 20pk,1000
62280,UN - CH220,Cheeki,Cheeki Coffee Mug Aqua 350ml,1000
62286,UN - CH266,Cheeki,Cheeki Coffee Mug Surf 450ml,1000
62298,UN - CH289,Cheeki,Cheeki Kids Bottle Replacement Lid Arcade ,1000
62302,UN - CH293,Cheeki,Cheeki Kids Bottle Replacement Lid Mermaid ,1000
62303,UN - CH294,Cheeki,Cheeki Kids Bottle Replacement Lid Sharks ,1000
62311,UN - CH307,Cheeki,Cheeki Kids Bottle Insulated Mermaid 400ml,1000
6031,UN - CLIF54,Clif Shot Blocks,Clif Bar Tropical Punch (25mg Caffeine) 18x 60g,1000
55594,OB - CXTRB,Clinical Extracts,Clinical Extracts Topical Relief Balm 50ml,1000
46774,OB - CXCFCU,Clinical Extracts,Clinical Extracts Clinical Formulation Curb 50ml,0
29739,GBN - CLIP105,Clipper,Clipper Green Tea Decaf x 20 Tea Bags x 4 Packs,0
30373,GBN - CLIP101,Clipper,Clipper Earl Grey Tea x 20 Tea Bags x 4 Packs,0
30377,GBN - CLIP106,Clipper,Clipper Green Tea Lime & Ginger x 20 Tea Bags x 4 Packs,0
30381,GBN - CLIP113,Clipper,Clipper Lemon & Ginger Tea x 20 Tea Bags x 4 Packs,0
4006,GBN - CLIP119,Clipper,Coffee Instant Everyday Rich Roast FT Organic 100g Clipper (Red),0
55584,OB - CVWFFBE,Clover Fields,Clover Fields Wooden Foot File  (Beechwood),1000
45096,OB - CVNGPCMC,Clover Fields,Clover Fields Natures Gifts Pink Clay Moist Cleanser 300ml,0
55538,OB - CVBSD,Clover Fields,Clover Fields Bamboo Soap Dish,0
55543,OB - CVDPL,Clover Fields,Clover Fields Dish Pad Loofah,0
47797,KO - COLSSSP120gm,Cobs,Cobs Organic (G/F) Lightly Salted Slightly Sweet 120gm(ACO),0
1925,UN - OL02,Comvita,Natural Olive Leaf Extract 500ml,1000
1929,UN - OL16,Comvita,Olive Leaf Extract Berry 500ml,1000
62371,UN - CV13,Comvita,Comvita Manuka Honey On The Go UMF 5+ 12pk,1000
63326,UN - OL59,Comvita,Comvita Olive Leaf Extract Oral Spray Peppermint & Lemon 30ml,1000
62055,UN - CV62,Comvita,Comvita Bee Propolis Toothpaste White Teeth Spearmint 100g,0
62054,UN - CV61,Comvita,Comvita Bee Propolis Toothpaste Cleans and Polishes Freshmint 100g,0
62379,UN - CV52,Comvita,Comvita Medihoney Wound Gel Antibacterial 25g,0
62380,UN - CV60,Comvita,Comvita Bee Propolis Toothgel Gently Cleans Mild Mint 90g,0
46339,OB - CDRSUNL,Concord Retail,Concord Sunchih GPSP Wellbeing Boost Immunity 60c,0
998,UN - CN01,Cook Islands,Cook Islands Noni Juice 500ml,1000
1008,UN - CY08,Crystal Essence,Crystal Essence Lavender Spray 118ml,1000
46366,OB - JARA30,Disensary & Clinic Items,Jar Amber 30ml (single),1000
46371,OB - JARL60,Disensary & Clinic Items,Screw Lid for Amber Jar 60 ml,1000
46382,OB - JCONL300,Disensary & Clinic Items,Plastic container lid 300 ml,1000
42898,OB - XSJ,Disensary & Clinic Items,Specimen Jar Labelled 70ml,1000
42544,OB - XHSPO,Disensary & Clinic Items,Heart Sure Pulse Oximeter,0
42900,OB - XHPSBEMP,Disensary & Clinic Items,Surgical Basics Heat Pack Silicon Beads Eye Mask Patterned,0
43315,OB - XCFS,Disensary & Clinic Items,Screw Cap Flip Seal White 28mm,0
42440,OB - XWTD,Disensary & Clinic Items,Livingston Wood Tongue Depressors x 100 Pack,0
55731,OB - DFSCIGCS,Distillery Fragrance House,Distillery Soy Candle Imagination Grapefruit Cassis 190g,1000
55736,OB - DFSCTPPS,Distillery Fragrance House,Distillery Soy Candle Tantalising Papaya Punch 190g,1000
7079,OB - DBCSAL,Dr Bronner,Dr. Bronner Pure Castile Liquid Soap Almond 946ml,1000
7085,OB - DBCSLL,Dr Bronner,Dr Bronner's Pure Castile Liquid Soap Lavender 946ml,1000
7092,OB - DBCSTTXS,Dr Bronner,Dr. Bronner Pure Castile Liquid Soap Tea Tree 59ml,1000
7105,OB - DBCSCBS,Dr Bronner,Dr. Bronner Pure Castile Liquid Soap Cherry Blossom 237ml,1000
7111,OB - DBCSUS,Dr Bronner,Dr Bronner's Pure Castile Liquid Soap Unscented Baby 237ml,1000
7165,OB - DBLBLLOHS,Dr Bronner,Dr. Bronner Organic Lip Balm Lemon Lime 4 g,1000
8206,OB - DBTP,Dr Bronner,Dr Bronner's All In One Toothpaste Peppermint 140g,1000
7109,OB - DBCSSJL,Dr Bronner,Dr. Bronner Pure Castile Liquid Soap Sandalwood Jasmine 946ml,998
7163,OB - DBLBOGOD,Dr Bronner,Dr. Bronner Organic Lip Balm Orange Ginger 4g,0
7164,OB - DBLBPO,Dr Bronner,Dr. Bronner Organic Lip Balm Peppermint 4g,0
35020,IPDC - 12189,Dr Bronner,Dr Bronner's All In One Toothpaste Peppermint 28gm Travel Size,0
35905,OB - DBCSUXXXL,Dr Bronner,Dr. Bronner Pure Castile Liquid Soap Hemp Baby Unscented 18.9L Bulk,0
35906,IPDC - 12195,Dr Bronner,Dr. Bronner Bulk Hemp Citrus Pure Castile Soap 18.9l,0
8137,UN - DC59,Dr Organic,Dr Organic Rose Otto Conditioner 265ml.,1000
62399,UN - DC365,Dr Organic,Dr Organic Mum Stretch Mark Oil with Calendula 100ml,1000
62406,UN - DC382,Dr Organic,Dr Organic Shampoo & Conditioner Bar Coconut Orange Curly & Thick 75g,1000
19603,UN - DC281,Dr Organic,Dr Organic Body Scrub Organic Shea Butter 200ml,0
19608,UN - DC286,Dr Organic,Dr Organic Night Cream Organic Shea Butter 50ml,0
6918,UN - DC163,Dr Organic,Dr Organic Dead Sea Mineral Roll On Deodorant 50ml,0
8171,UN - DC17,Dr Organic,Dr Organic Lavender Conditioner 265ml.,0
1053,UN - DS32,Dr Superfoods,Dr Superfoods Super Raspberries 125g,1000
1061,UN - DU01,Dr Tung's,Dr Tung's Tongue Cleaner 1 Unit,1000
47163,OB - WGSUP,Dr Wheatgrass,Dr Wheatgrass Supershots 150ml,1000
43313,OB - ECEORBSC,Eco Modern Essentials,ECO Aroma Essential Oil Rollerball Sinus Clear 10ml,1000
47379,OB - ECEOGIN,Eco Modern Essentials,ECO Aroma Essential Oil Ginger 10ml,1000
42618,OB - ECLRBPMU,Eco Modern Essentials,Eco Modern Essentials Little Essential Oil Roller Ball Pick Me Up 10ml,0
47552,OB - ECEOBPAR,Eco Modern Essentials,ECO Aroma Essential Oil Blend Paris 10ml,0
63184,Copy of KIK - PL15-2001NT,Eco SouLife,Eco Soulife Areca Nut Leaf Divided Plates 5pc - ON SALE,12
34851,KIK - 0035NT,Eco SouLife,Eco SouLife Cornstarch 140pc Dinner Set Natural,0
34854,KIK - 2043NT,Eco SouLife,"Eco SouLife Disposable Set 84 Pc: 12 x 8 Oz Cups, 16 Oz Bowls, 9” Dinner Plates, 7” Side Plates, Wooden Forks, Wooden Spoons, Wooden Knives Natural",0
62519,UN - EL53,Ecologic,Ecologic Dishwashing Liquid Sweet Orange & Clementine 500ml,1000
7698,UN - EN35,Eden Health foods,Intestinal Detox Formula #2 200g By Eden Health Foods,1000
41863,OB - EVSSSFS,EnviroCare,EnviroSensitive Shampoo Silicone Free 200ml,0
46297,OB - EVHSSFL,EnviroCare,Envirocare Hair Shampoo Silicone Free 2L,0
46354,OB - EVCAHCSFS,EnviroCare,Envirocare Hair Conditioner Silicone Free 200ml,0
43175,OB - EVBW,EnviroCare,Envirocare Body Wash 500ml,0
46440,OB - EVDWLXL,EnviroClean,Enviroclean Dishwash Liquid 5L,0
46806,OB - EVTAPC,EnviroClean,Enviroclean Tap Combo (for 15L drums),0
43286,OB - EVFVS,EnviroClean,Enviroclean Fruit and Veg Wash 200ml,0
1237,UN - EP13,Epic Dental,Epic Peppermint Gum 50 Pieces,1000
1239,UN - EP17,Epic Dental,Epic Chewing Gum Fresh Fruit 50 Pieces,1000
41836,OB - EPTXS,Epic Dental,Epic Xylitol Toothpaste Spearmint (Non Fluoride) 4.9oz,0
43009,OB - EPTXSF,Epic Dental,Epic Xylitol Toothpaste Spearmint with Fluoride 4.9oz,0
43157,OB - EPDMXC,Epic Dental,Epic Xylitol Dental Mints Cinnamon 180pc Tub,0
43049,OB - EHHSL,Essential Hemp,Essential Hemp Organic Hulled Hemp Seeds 1kg,0
46258,OB - ETRMEWL,Essential Therapeutics,Essential Therapeutics Emulsifying Wax 1 kg,1000
47477,OB - ETIOARN,Essential Therapeutics,Essential Therapeutics Infused Oil Arnica 100ml,1000
46658,OB - ETVOSES,Essential Therapeutics,Essential Therapeutics Vegetable Oil Sesame Oil (cold pressed) 200ml,0
46730,OB - ETVOSA,Essential Therapeutics,Essential Therapeutics Pure Sweet Almond Oil 200ml,0
47370,OB - ETVSAXL,Essential Therapeutics,Essential Therapeutics Vegetable Oil Sweet Almond Oil 5L,0
47424,OB - ETVSAL,Essential Therapeutics,Essential Therapeutics Vegetable Oil Sweet Almond Oil 1L,0
45653,OB - ETVOEHEMO,Essential Therapeutics,Essential Therapeutics Vegetable Oil Organic Hemp Oil 50ml,0
45739,OB - ETVOEEFABO,Essential Therapeutics,Essential Therapeutics Organic EFA Blend 50ml,0
45750,OB - EZEARCI1P,Essenzza,Essenzza Indian Ear Candles 1 Pair,1000
62557,UN - ETH03,Ethical Zinc,Ethical Zinc Daily Wear Tinted Facial Sunscreen Light Tint SPF 50+ 100g,0
62558,UN - ETH04,Ethical Zinc,Ethical Zinc Daily Wear Tinted Facial Sunscreen Dark Tint SPF 50+ 100g,0
42045,OB - EUKIT,Euclove,Euclove Kitchen 500ml Spray,1000
42248,OB - EUGM,Euclove,Euclove Glass and Mirror 500ml Spray,1000
42984,OB - EUBATS,Euclove,Euclove Bathroom 300ml Spray,1000
41856,OB - EUSTPK,Euclove,Euclove Store Tester Pack.,0
42359,OB - EUJCL,Euclove,Euclove Jute Caddie (Carry Bag) Large,0
42886,OB - EUHSSBS,Euclove,Euclove Home Spray Signature Blend 300ml Spray,0
47427,OB - EUBMXS,Euclove,Euclove Bedding and Mattress 50ml Spray,0
42283,OB - EUSGB,Euclove,Euclove Sampler Gift Bag,0
29129,UN - EU12,Eucoclean,Eucoclean Antibacterial Hand Sanitiser Instant Hospital Strength 125ml,0
29182,UN - PM158,Ever Eco,Ever Eco Safety Razor Matte Black 1,1000
54499,UN - PM31,Ever Eco,Ever Eco Stainless Steel Straws Bent Rose Gold x 2,1000
63386,UN - PM123,Ever Eco,Ever Eco Insulated Stainless Steel Bottle Rise 750ml,1000
63387,UN - PM124,Ever Eco,Ever Eco Insulated Stainless Steel Bottle Balance 750ml,1000
62579,UN - EVB31,Evolution Botanicals,Evolution Botanicals Organic Ashwagandha 100g,1000
62599,UN - EVB81,Evolution Botanicals,Evolution Botanicals EVO+ Karm Cacao & Carob Drink 175g,1000
34881,KIK - EXHSRN1,Exmild,Exmild Rose Nourishing Shampoo 1L,2
34885,KIK - EXHSRN5,Exmild,Exmild Rose Nourishing Shampoo 500ml,2
34877,KIK - EXHCRN1,Exmild,Exmild Rose Nourishing Conditioner 1L,0
34879,KIK - EXHSAM1,Exmild,Exmild Amino Acid Mild Shampoo 1L,0
43269,OB - FTFTC,Fermentanicals,Fermentanicals Fermented Turmeric 500mg 30c,0
30507,GBN - FRAN108,Franjo's Kitchen,Franjo's Kitchen Kinder Biscuits Vanilla & Chia 140g,0
42014,OB - FSRARWO,Free Spirit,Free Spirit Rose Adore Rose Water Spray 100ml,1000
42961,OB - FSLSBOO,Free Spirit,Free Spirit Love Organic Sea Buckthorn Seed Oil 30ml,1000
42358,OB - FSLLEOLO,Free Spirit,Free Spirit Love Lavender Essential Oil Lavender Organic 10ml,1000
45633,OB - FNHES,Fresca Natural,Fresca Natural Hydraskin Elixir 21 Oils 15ml,1000
41897,OB - FUZTS,Fulhealth Industries,Fulhealth Industries Preliminary Zinc Status Test 10ml,0
42344,OB - FUMAG,Fulhealth Industries,Fulhealth Industries Magnesium Colloid Concentrate 200ml,0
30229,GBN - BONE101,GevityRX,Gevity Rx Bone Broth Body Glue Lemon 260G,0
30231,GBN - BONE103,GevityRX,Gevity RX Bone Broth Body Glue Burn 260g,0
30235,GBN - BONE107,GevityRX,Gevity RX Great Guts Mayo BoneBrothSauce 375ml,0
1372,UN - GV02,Giovanni,Giovanni 50/50 Balanced Shampoo 250ml,1000
6100,UN - GK02,Giovanni,Giovanni 2Chic Brazilian Keratin & Argan Oil Conditioner 250ml,1000
8241,UN - GK56,Giovanni,Giovanni 2Chic Cherry Blossom & Rose Petals Leave In Conditioner 118ml,1000
53741,UN - GV84,Giovanni,Giovanni Hair Shield & Style Spray Rapid Blow-Dry 118ml,1000
61961,UN - GK204,Giovanni,Giovanni Shampoo Castor Oil All Hair 399ml,1000
62733,UN - GK206,Giovanni,Giovanni Leave-in Conditioner Castor Oil All Hair 340ml,1000
62734,UN - GK207,Giovanni,Giovanni 100% Pure Castor Oil 250ml,1000
62735,UN - GK222,Giovanni,Giovanni Leave-in Conditioner 2chic Ultra Shine All Hair 118ml,1000
62763,UN - GV312,Giovanni,"Giovanni Satin Hair Scrunchies Pink,Beige,Dark Brown Extra Large 3pk",1000
61888,Copy of UN - GV201,Giovanni,Giovanni Antibacterial Hand Sanitizer Alcohol Antiseptic 70% 59ml - ON SALE ,3
1342,UN - GK04,Giovanni,Giovanni 2Chic Brazilian Keratin/Argan Oil Blow Out Styling Mist 118ml,0
1347,UN - GV25,Giovanni,Giovanni Smooth As Silk Extreme Protein Hair Infusion 150ml,0
1349,UN - GV98,Giovanni,Giovanni Hot Chocolate Sugar Scrub 260g,0
1356,UN - GV36,Giovanni,Giovanni 50/50 Balanced Conditioner 1 Litre,0
1360,UN - GV33,Giovanni,Giovanni 50/50 Balanced Shampoo 1 Litre,0
1368,UN - GW02,Giovanni,Giovanni Wellness System Conditioner With Chinese Botanicals 250ml,0
8244,UN - GK64,Giovanni,Giovanni 2Chic Pineapple & Ginger Hair Mask 150ml,0
8245,UN - GK65,Giovanni,Giovanni 2Chic Pineapple & Ginger Anti Frizz Hair Serum 81ml,0
53697,UN - GK91,Giovanni,Giovanni Shampoo 2chic Clarifying & Calming 250ml,0
53701,UN - GK93,Giovanni,Giovanni Hair Mask 2chic Clarifying & Calming 51.75ml,0
47589,OB - GOXWOAT,Goat Range,Goat Range Goat Moisturising Wash Oatmeal 500ml,1000
43034,OB - GMB11BBS,Goodmix,GoodMix Superfoods Blend 11 (Wholefood Breakfast Booster) 400g,1000
43098,OB - GMB13PXXS,Goodmix,GoodMix Superfoods Blend 13 (Paleo Breakfast Booster) 150g,0
46705,OB - GNKCCO,Grahams Natural Alternatives,Grahams Natural Organic Cradle Cap Oil with Comb 50ml,0
1426,UN - GE02,Green Nutritionals,Green Nutritionals Green Calcium Powder 250g,1000
1419,UN - HP10,Green Nutritionals,Green Nutritionals Spirulina Tablets 100 Tablets,1000
1432,UN - GE01,Green Nutritionals,Green Nutritionals Green Calcium Powder 100g,1000
8263,UN - GE11,Green Nutritionals,Green Nutritionals Pure Ocean Source Marine Magnesium Powder 100g,1000
30579,GBN - GREB100,Greenback Plant Protein,Greenback Plant Protein Hazelnut Bar 50g,6
62758,UN - GS35,Grin,Grin Charcoal Infused Floss Picks Ultra Clean 40pcs,1000
53729,UN - GS19,Grin,Grin Toothpaste Kids Strawberry Gel with Fluoride 45g,0
47328,OB - HSGABSOHSC,Hab Shifa,Hab Shifa Grinder Organic Activated Black Seed with Him Salt Chilli 160g,0
41686,Copy of OB - HMNPCOLTIN,Hanami,Hanami Nail Polish Collection Tinsel 9ml x 4 Pack - On Sale,1
42798,OB - HMMWB,Hanami,Hanami Mascara Waterproof Black 8g,0
47026,OB - HMSSBBF,Hanami,Hanami Super Soothie BB Cream Fair 30ml,0
20253,KAD - 480528,Happy Hippie,Happy Hippie Organic Kombucha + Hemp Ginger Tonic 330ml,1000
62935,UN - HW17,Happy Way,Happy Way Vegan Protein Powder Chocolate 6 x 60g,1000
62903,UN - HW120,Happy Way,Happy Way Vegan Protein Powder Vanilla 1kg,1000
62917,UN - HW137,Happy Way,Happy Way Ashy Bines Whey Protein Water Passionfruit 420g,1000
62930,UN - HW162,Happy Way,Happy Way Magnesium Powder Orange 315g,1000
62940,UN - HW191,Happy Way,Happy Way Pre-Workout Powder Watermelon 250g,1000
62943,UN - HW200,Happy Way,Happy Way Whey Protein Powder Manuka Honey 500g,1000
62948,UN - HW37,Happy Way,Happy Way Vegan Protein Powder Coffee 500g,1000
45515,OB - HIBUROR,Healing Concepts Teas,Healing Concepts Organic Burdock Root Tea 50g,1000
46695,OB - HIBDTO,Healing Concepts Teas,Healing Concepts DigesTea Tea 40g,1000
47613,OB - HWGLYL,Healthwise,HealthWise Glycine 1kg,1000
45575,OB - HWGLUCL,Healthwise,HealthWise Glucosamine HCL 1kg,1000
45758,OB - HWTYR,Healthwise,HealthWise L Tyrosine 300g,1000
42226,OB - HWGAB,Healthwise,HealthWise GABA 150g,0
42816,OB - HWGLU,Healthwise,HealthWise Glucosamine HCL 300g,0
62886,UN - HM61,Hemp Foods Australia,Hemp Foods Australia Organic Hemp Protein Shake Vanilla 7 x 35g,1000
42356,OB - BLBFOLTS,Henry Blooms,Blooms Bio Fermented Olive Leaf Throat Spray (Mint) 30ml,0
42983,OB - BLOHPMOFPPPK,Henry Blooms,Blooms Oral Fresh Probiotic Chewable Peppermint x 24 Pack,0
55371,OB - BLBEB,Henry Blooms,Henry Blooms Berry Boost 90g,0
3574,KAD - 850,Herbon,Herbon Rinse Aid 250ml,1000
3808,KAD - 884,Herbon,Herbon Multi Surface Spray Cleaner 750ml,1000
42409,KAD - 866,Herbon,Herbon Soap Baby 75g,1000
3647,KAD - 875,Herbon,Herbon Multi Surface Spray Refill Pack 750ml,0
47661,OB - HGCHMAGC,Herbs of Gold,Herbs of Gold Children's Magnesium Care 60t,1000
42151,OB - HGCFSL,Herbs of Gold,Herbs of Gold Cold and Flu Strike 60t,1000
45161,OB - HGSCPL,Herbs of Gold,Herbs of Gold Super Calcium Plus with Boron 180t,0
42143,OB - HGSILHS,Herbs of Gold,Herbs of Gold Silica Hair Solution 500ml,0
42512,OB - HGBPU,Herbs of Gold,Herbs of Gold Baby Probiotic 12 Billion Unflavoured 50g,0
42216,OB - HGPRO55,Herbs of Gold,Herbs of Gold Probiotic 55 Billion 30vc,0
45871,OB - HGECL,Herbs of Gold,Herbs of Gold Echinacea 4000 Complex 60t,0
47333,OB - HHPROPC,Hilde Hemmes,Hilde Hemmes ProstaLobium Plus 120vc,0
42222,OB - HHPROL,Hilde Hemmes,Hilde Hemmes Prostalobium 500ml,0
41937,OB - HMMH120S,Honey Life,HoneyLife Manuka Honey MGO 120 Plus 250g,1000
42339,OB - HMMH850,Honey Life,HoneyLife Manuka Honey MGO 850 Plus 250g,1000
42740,OB - HMMH400,Honey Life,HoneyLife Manuka Honey MGO 400 Plus 500g,1000
42860,OB - IYHWLBMXL,It's Your Body,It's Your Body Handwash Lime Basil Mandarin 15L,0
43011,OB - IYCDDS,It's Your Body,It's Your Body Conditioner Dry Damaged 500ml,0
1504,UN - JJ01,Jack n' Jill,Jack N' Jill Banana Toothpaste 50g,1000
1501,UN - JJ32,Jack n' Jill,Jack N' Jill Silicone Tooth & Gum Brush 2 6 years,1000
1506,UN - JJ03,Jack n' Jill,Jack N' Jill Blueberry Toothpaste 50g,1000
43187,OB - JJNTPS,Jack n' Jill,Jack N' Jill Natural Calendula Toothpaste (Fluoride Free) Strawberry 50g,1000
62964,UN - JJ102,Jack n' Jill,Jack N' Jill Blissful Bubbles Bubble Bath & Magic Bubble Wand 3 x 300ml,1000
61892,Copy of UN - JJ39,Jack n' Jill,Jack N' Jill Storage/Rinse Cup Dinosaur - ON SALE,11
61891,Copy of UN - JJ34,Jack n' Jill,Storage/Rinse Cup Bunny Jack N' Jill - ON SALE,3
47391,OB - JJHSGD,Jack n' Jill,Jack N' Jill Hand Sanitizer Gel Dino 29ml x 2 Packet,0
47646,OB - JJHSGK,Jack n' Jill,Jack N' Jill Hand Sanitizer Gel Koala 29ml x 2 Packet,0
47650,OB - JJHSGB,Jack n' Jill,Jack N' Jill Hand Sanitizer Gel Bunny 29ml x 2 Packet,0
42308,OB - JOEARC1PD,Jo Olley,JoOlley Ear Candles 1 Pair x 12 Display,0
1521,UN - JS02,Just Jojoba Aust.,Just Jojoba Jojoba Oil 250ml,1000
34676,KIK - RF700,Kialla Pure Foods,Kialla Pure Foods Organic Wholegrain Rye Flour 700g,99
34671,KIK - SRUB1,Kialla Pure Foods,Kialla Pure Foods Organic Unbleached Self Raising Flour 1kg,5
34732,KIK - POP5,Kialla Pure Foods,Kialla Pure Foods Organic Popping Corn 5kg,3
34744,KIK - SPFIM20,Kialla Pure Foods,Kialla Pure Foods Organic Spelt Flour 20kg ,2
34755,KIK - BF20,Kialla Pure Foods,Kialla Pure Foods Organic Barley Flour 20kg ,0
1566,GBN - KIKI103,Kin Kin Naturals,Lavender Laundry Liquid 1050ml By Kin Kin Naturals,8
1562,GBN - KIKI100,Kin Kin Naturals,Kin Kin Naturals Lime Dishwash Liquid 1050ml,7
1565,GBN - KIKI102,Kin Kin Naturals,Eucalyptus Laundry Liquid 1050ml By Kin Kin Naturals,6
1563,GBN - KIKI101,Kin Kin Naturals,Kin Kin Naturals Tangerine Dishwash Liquid 1050ml,4
6132,UN - KR16,Kintra Foods,Kintra Foods Roasted Dandelion Blend Fine 175g,1000
7708,UN - KR20,Kintra Foods,Kintra Foods Rooibos Chai Tea Bags x 32 80g,1000
30800,GBN - KIWI101,Kiwiherb,Kiwiherb Sound Asleep 200ml,0
62988,UN - KC20,Koala Eco,Koala Eco Multi-Purpose Bathroom Cleaner Eucalyptus Concentrate 500ml,1000
62990,UN - KC35,Koala Eco,Koala Eco Laundry Delicate Wash Rosalina 500ml,0
62999,UN - KC53,Koala Eco,"Koala Eco Gift Pack Clean & Safe Sanitiser, H/Wash, Fruit Veg Wash 3pk",0
63004,UN - LAK26,Lakanto,Lakanto Brown Monkfruit Sweetener Brown Sugar Replacement 225g,1000
4091,KAD - 66744,Lakewood,Concord Grape Juice Organic 946ml Lakewood,1000
4254,KAD - 66737,Lakewood,Lakewood Black Cherry Juice Organic 946ml,1000
2848,KAD - 436256,Leda Nutrition,Leda Nutrition Biscuits Arrowroot 205g,1000
63036,UN - LM23,Lemon Myrtle Fragrances,Lemon Myrtle Fragrances Deodorant 75ml,1000
29842,GBN - LICY100,Life Cycle,Life Cykel Turkey Tail Double Extract 120ml,0
43177,OB - LSCHLL,Lifestream,LifeStream Body Cleansing Chlorella 200mg 500t,0
47464,OB - LSVCAC,Lifestream,LifeStream Natural Vitamin C (Acerola Berries) 90vc,0
42006,OB - LSADEL,Lifestream,LifeStream Advanced Digestive Enzymes 180vc,0
63042,UN - LT21,Little Mashies,Little Mashies Reusable Soft Silicone Straws Pastel + Cleaning Brush 4pk,1000
63050,UN - LT57,Little Mashies,Little Mashies Silicone Washy Bib Dusty Blue ,1000
63044,UN - LT51,Little Mashies,Little Mashies Silicone Sucky Platter Plate Dusty Blue ,0
41952,OB - LIBBL,Living Essences,Living Essences Body Bliss Lotion 240ml,1000
42307,OB - LIMCM,Living Essences,Living Essences Living Help Contentment for Men 50ml Mist,0
42732,OB - LIBBM,Living Essences,Living Essences Body Bliss Mist 125ml,0
43316,OB - LIFEIS,Living Essences,Living Essences Living Help Essence of Inner Strength 30ml,0
43320,OB - LIFECRL,Living Essences,Living Essences Living Helpers Crisis Relief Drops 100ml,0
45860,OB - LVSTLPKS,Livinia Natural,Livinia Naturals Soy Tea Light Candles x 6 Pack,1000
3059,KAD - 64026,Lotus,Lotus Oats Rolled Traditional Creamy Style Organic 500g,1000
3415,KAD - 6128,Lotus,Lotus Rice Flakes Brown Rolled 500g,1000
3549,KAD - 411583,Lotus,Lotus Psyllium Husks 98% (Shaker) 150g,1000
3742,KAD - 64006,Lotus,Lotus Cocoa Powder Organic 200g,1000
3912,KAD - 426151,Lotus,Lotus Pumpkin Kernels (Pepitas) Organic 500g,1000
4012,KAD - 6092,Lotus,Lotus LSA Meal 750g,1000
4348,KAD - 428358,Lotus,Lotus Yeast Flakes Savoury 500g,1000
6617,KAD - 63951,Lotus,Lotus Sea Salt Macrobiotic Fine 1kg,1000
7480,KAD - 456782,Lotus,Lotus Guar Gum 75g,1000
7516,KAD - 457214,Lotus,Lotus Rice Bran Fine 450g,1000
3501,KAD - 6281,Lotus,Lotus Mung Beans Organic 500g,0
61712,GN05,Lotus,Georgia's Natural - Organic Tart Sour Cherry Juice 1L - ON SALE,0
42321,OB - LTXDAROLL,Love Tea,Love Tea Organic Darjeeling 100g,0
42603,OB - LTXEBOP,Love Tea,Love Tea Organic English Breakfast x 20 Pyramids,0
42824,OB - LTXMETOLL,Love Tea,Love Tea Organic Metabolism 75g,0
53969,UN - MAC140,Macro Mike,Macro Mike Peanut Plant Protein Sample Pack 8x40g,1000
53975,UN - MAC142,Macro Mike,Macro Mike Peanut Plant Protein Caramel Cinnamon Bun 1kg,1000
54065,UN - MAC173,Macro Mike,Macro Mike Premium Almond Protein Salted Caramel 400g,1000
54077,UN - MAC177,Macro Mike,Macro Mike Premium Almond Protein Caramelised Biscuit 400g,1000
63064,UN - MAC203,Macro Mike,MACRO MIKE The Macro Shake Meal Replacement Salted Caramel Peanut 560g,1000
63070,UN - MAC217,Macro Mike,MACRO MIKE Plant Protein Water Strawberry Mango 300g,1000
63067,UN - MAC211,Macro Mike,MACRO MIKE Plant Protein Water Pink Lemonade 300g,0
41936,OB - MATSTTB,Maharishi,Maharishi Slumber Time Tea x 20 Tea Bags 34g,0
30929,GBN - MANU103,Manuka Health,Manuka Health Manuka Honey MGO 115+ 250g,0
30935,GBN - MANU124,Manuka Health,Manuka Health MGO 400+ Manuka Lemon Loz 15s,0
33662,UN - VG16,Martin & Pleasance,Martin & Pleasance Protein Pea Protein Isolate Chocolate 1kg,1000
45146,OB - MPCRCOM,Martin & Pleasance,Martin Pleasance All Natural Cream Comfrey 100g,1000
45150,OB - MPTSMPS,Martin & Pleasance,Martin Pleasance Tissue Salts Mag Phos Muscle Rel 30ml,1000
54218,UN - MP20,Martin & Pleasance,Martin & Pleasance Ener-C 1000mg Vitamin C Lemon Lime Drink Sachets x 12,1000
63175,UN - MP38,Martin & Pleasance,Martin & Pleasance Ki Kids Chesty Roll-On 50g,1000
42684,OB - MPARNCRT,Martin & Pleasance,Martin Pleasance All Natural Cream Arnica 75g Tube,0
46697,OB - MPCRWHS,Martin & Pleasance,Martin & Pleasance Witch Hazel Cream Jar 20g,0
47101,OB - MNHM,Medicines From Nature,Medicines From Nature HydraMyst Travel Home 50ml,1000
61877,OB - MNUCS100L,Medicines From Nature,MEDICINES FROM NATURE Medicines From Nature Ultimate Colloidal Silver 100ppm 1L,1000
47091,OB - MNSSSOPL,Medicines From Nature,Medicines From Nature Super Strength Spirulina Organic 1000 500g,0
47171,OB - MNSSSOL,Medicines From Nature,Medicines From Nature Super Strength Spirulina Organic 1000 500c,0
41948,OB - MECOFFOS,Melrose,Melrose Organic Coconut Oil Flavour Free 325ml,1000
42561,OB - MECSORIO,Melrose,Melrose Organic Castile Soap Original Pump 500ml,1000
47056,OB - MEAO,Melrose,Melrose Apricot Kernel Oil 250ml,1000
42125,OB - MECOFUFOS,Melrose,Melrose Organic Coconut Oil Full Flavour 325ml,1000
60965,OB - MEMCTKSS,Melrose,Melrose MCT Oil Kick Start 250ml,1000
45410,OB - GRXSMO,Microrganics,Microrganics Green Nutritional Mountain Organic Spirulina 500mg 500T,1000
34394,KIK - one - 11101,Miessence,Miessence Balancing Cleanser 100ml,0
34396,KIK - one - 11103,Miessence,Miessence Purifying Cleanser100ml,0
34400,KIK - one - 11302,Miessence,Miessence Rejuvenating Mineral Mask (dry/mature skin) 45g,0
34401,KIK - one - 11303,Miessence,Miessence Purifying Mineral Mask (oily/problem skin) 60g,0
34406,one - 11411,Miessence,Miessence After Shave Balm 80ml,0
34411,KIK - one - 11603,Miessence,Miessence Purifying Moisturiser 50ml,0
34422,KIK - one - 13101,Miessence,Miessence Mint Toothpaste 100g,0
34430,KIK - one - 13301,Miessence,Miessence Ancient Spice Roll-on Deodorant 60ml,0
34433,KIK - one - 13305,Miessence,Miessence Milk of Magnesia Ultrasensitive Roll-on Deodorant 60ml,0
55942,KIK - one - 12301,Miessence,Miessence Certified Organic Shine Herbal Hair Conditioner All Hair Types 265g,0
63203,UN - MS51,Mingle,Mingle Tomato All Natural Sauce 10 x 250g,1000
63210,UN - MS80,Mingle,Mingle Mellow Taco All Natural Recipe Base 12 x 30g,1000
47208,OB - MIXLREB,Minimal Essentials,Minimal Essentials Laundry Remedy Freshener Earth Blend 50ml,0
42460,OB - BKSPM,Miscellaneous,Sacred Plant Medicine by Stephen Buhner,1000
42459,OB - BKEOS,Miscellaneous,Essential Oil Safety (2nd Ed) by R Tisserand and R Young,0
41867,OB - BKBHGTTHM,Miscellaneous,A Guide to Traditional Herbal Medicines 2003 Edition,0
42714,OB - BKDGC,Miscellaneous,The Definitive Guide To Cancer by L. Alschuler K. Gazella,0
46495,OB - BKPDES,Miscellaneous,Paleo Desserts by Jane Barthelemy,0
46526,OB - BKFS,Miscellaneous,The FODMAP Solution by Shasta Press,0
47194,OB - BKTOE,Miscellaneous,Tastes of Eden Plant based Recipes by Michelle Glassbrook,0
45793,OB - BKDGTAC,Miscellaneous,The DefGuideToThriving AfterCancer by L Alschuler K Gazella,0
1663,UN - MV01,Montville Coffee,Montville Coffee Coffee Beans 250g,1000
1700,UN - MR22,Mt Retour,Rose Hydrosol 125ml By Mt Retour,0
54253,UN - MR17,Mt Retour,Mt Retour Essential Oil (100%) Lemon 10ml,0
41894,OB - ARMNSLMS,My New Skin By Arkomega,Arkomega My New Skin Olive And Lemon Myrtle Tube 20G,0
1712,UN - NT19,NatraCare,Natracare Incontinence Pads 20 Pads,0
1723,UN - NT22,NatraCare,Natracare Super Plus Ultra Pads 12 Pads,0
1724,UN - NT04,NatraCare,Natracare Night Time Pads 10 Pads,0
63262,UN - NT17DATE,NatraCare,Natracare Maternity Pads 10pk,0
42411,OB - NHTFEGL,Natural Health,Natural Health Technyflex Equine Gel 200ml,0
62533,Copy of OB - NISADTT,Natural Instinct,Natural Instinct Shampoo Anti Dandruff Tea Tree Thyme 250ml - ON SALE,2
43116,OB - NIVCCOO,Natural Instinct,Natural Instinct Vitamin C Camellia Oil 25ml,0
46810,OB - SWXSDSLCOC,Naturally Sweet,Sweet Leaf Sweet Drops Stevia Liquid Coconut 60ml,0
3606,KAD - 1523,Nature's Cuppa,Nature's Cuppa Tea Leaf Black Ceylon Organic 125g,1000
42286,OB - NGPRLMHA,Nature's Goodness,Natures Goodnss Propolis Candies 50 D Strength Aniseed 200g,0
45450,OB - NGRJF,Nature's Goodness,Nature's Goodness Royal Jelly Fresh 50g,0
42924,OB - NGSJTB,Nature's Goodness,Nature's Goodness Snappy Jaws Toothpaste Cool Banana 75g,0
47252,OB - NGSJCSM,Nature's Goodness,Nat Goodness Snappy Jaws Cond Shamp Mandarin Mis 250ml,0
42290,OB - NGPRTKIP,Nature's Goodness,Nature's Goodness Kangaroo Island Propolis Tinct 250mg 25ml,0
45688,OB - NGGJ,Nature's Goodness,Nature's Goodness Goji Berry Juice Blend 500ml,0
42114,OB - NSXROSOO,Nature's Shield,Nature's Shield Organic Rosehip Oil 50ml,1000
42370,OB - NSXTUROOS,Nature's Shield,Nature's Shield Organic Edible Turmeric Oil 25ml,1000
42844,OB - NSXTUROOXS,Nature's Shield,Nature's Shield Organic Edible Turmeric Oil 10ml,0
47584,OB - NSXLEMGOWCS,Nature's Shield,Nature's Shield Wild Crafted Lemongrass Oil 25ml,0
47559,OB - NSFEV,Nature's Sunshine,Nature's Sunshine Feverfew 340mg 100c,1000
30995,GBN - NSCH233,Nature's Sunshine,Nature's Suns. Gout Fighter Plus 60t,0
31020,GBN - NSSH136,Nature's Sunshine,Nature's Sunshine Pau D'Arco 100c,0
31029,GBN - NSSH162,Nature's Sunshine,Activated Charcoal Nature's Sunchine 100 Capsules,0
42632,OB - NSALF,Nature's Sunshine,Nature's Sunshine Alfalfa 450mg 100 capsules,0
43160,OB - NSLBS,Nature's Sunshine,Nature's Sunshine Lower Bowel Stimulant 100c,0
47511,OB - NSCMC,Nature's Sunshine,Nature's Sunshine Calcium and Magnesium Complex Plus Vitamin D3 180t,0
45467,OB - NDXGOBOD,Natures Delight,Natures Delight Organic Dried Goji Berries 175g,0
46636,OB - NDXCOCOC,Natures Delight,Natures Delight Organic Coconut Chips 100g,0
42793,OB - NGBR,Natures Goodness,Natures Goodness RedGrape Antioxidant with Bioactiv. Resveratrol 60c,1000
46263,OB - NGTAC,Natures Goodness,Nature's Goodness Toothpaste Activated Charcoal 110g,0
42625,OB - NGSBF,Natures Goodness,Natures Goodness Superbeet Formula 500ml,0
4294,KAD - 88060,Naturtint,NaturTint Natural Hair Colour Natural Chestnut 4N 155ml,0
41840,OB - NCXGRH,Nc By Nutrition Care,NC by Nutrition Care Gut Relief with Honey 150g,0
1822,UN - SV04,Nirvana,Nirvana Organics Stevia Liquid 15ml,1000
1836,UN - SV50,Nirvana,Nirvana Organics Butterscotch Liquid Stevia 50ml,1000
1845,UN - NO22,Nirvana,Nirvana Organics Medium Himalayan Salt 250g,1000
1858,UN - NO55,Nirvana,Nirvana Organics Himalayan Salt Inhaler 1 Unit,1000
3855,KAD - 95281,Nirvana,Nirvana organics Stevia Liquid Concentrate 30ml,1000
4595,KAD - 95287,Nirvana,Stevia Pure Extract Powder 100g Nirvana,1000
43077,OB - NPXCRA,Norfolk Punch,Norfolk Punch Cranberry 700ml,0
19907,UN - NL73,Nuilife,Niulife Coconut Shell Bowl Polished 1,0
46982,OB - NLXNFLSBL,Nulax,NuLax Natural Fruit Laxative with Senna Block 500g,1000
47040,OB - NLXNFLSB,Nulax,NuLax Natural Fruit Laxative with Senna Block 250g,1000
47158,OB - NLXBFLSD,Nulax,NuLax Bar Fruit Laxative with Senna 40g x 20 Display,0
45214,OB - NLGP,Nutralife,NutraLife Ginkgo 7500 Plus 60c,0
42946,OB - NLLGL,Nutralife,"NutraLife Liver Guard 35,000 Plus 100c",0
47229,OB - NVVPPHF,Nutraviva,NutraViva VivaPets Pet Health Formula 300g,0
1913,UN - NU20,Nutribiotic,Nutribiotic Mango Melon Deodorant 75g,1000
9324,UN - NR42,Nutritionist Choice,Nutritionist Choice Instant Miso Soup 4 x 20g,1000
43468,OB - OGBP,Oil Garden,Oil Garden Essential Oil Black Pepper 12ml,1000
45247,OB - OGORALCU,Oil Garden,Oil Garden Orange 25ml x 8 Display,0
41882,OB - ONRBFBAL,Onya,Onya Reusable Bulk Food Bag Aqua (Large),0
45379,OB - ONRPBTP,Onya,Onya Reusable Produce Bags Turquoise x 5 pack,0
45457,OB - ONRCCLW,Onya,Onya Reusable Coffee Cup Lid White,0
45481,OB - ONRCCP,Onya,Onya Reusable Coffee Cup Purple 355ml with lid,0
42265,OB - ONRCCR,Onya,Onya Reusable Coffee Cup Red 355ml with lid,0
42336,OB - ONRCCLB,Onya,Onya Reusable Coffee Cup Lid Black,0
42968,OB - OTPLPL,Organic Botanicals,Organic Botanicals Pure Licorice Plain 20g Bag,0
8486,KAD - 461811,Organic Bubs,"Organic Bubs Strawberry, Pear & Quinoa Organic 6+ 120g x 6",1000
1984,UN - OG51,Organic Times,Organic Times Full Cream Milk Powder 300g,1000
1995,UN - OG05,Organic Times,Organic Times Milk Chocolate Ginger 150g,1000
1997,UN - OG11,Organic Times,Milk Chocolate Hazelnuts 150g By Organic Times,1000
7832,UN - OG44,Organic Times,Organic Times Carob Powder 200g,1000
63317,UN - OG90,Organic Times,Organic Times Drinking Chocolate 200g,1000
63320,UN - OG93,Organic Times,Organic Times Rocky Road Dark Chocolate 60g,1000
6527,UN - OG36,Organic Times,Organic Times Chocolate (Organic) Little Gems 500g,0
42092,OB - OCXMCM,Organicup,OrganiCup Menstrual Cup Size Mini,1000
47160,OB - OEXBCCCLM,Oureco,OurEco Home BiCarb Cream Cleanser Lemon Myrtle 550g,1000
42268,OB - OEXIP,Oureco,OurEco Clean Introductory Pack,0
42062,OB - OXSSFS,Oxymin,OxyMin Spirella Super Food 200g,1000
45425,OB - OXSAL,Oxymin,OxyMin Sodium Ascorbate 1kg,1000
61093,Copy of GBN - LUME124,Pandas By Luvme,Pandas by Luvme ECO Disposable Nappies X large (12 18kgs) x 1 Nappy,21
42095,OB - PAXCSBW,Papaya Activs,PapayaActivs Complete Skincare Body Wash 350ml,0
42103,OB - PAXSHR,Papaya Activs,PapayaActivs Shampoo Replenishing 250ml,0
47253,OB - PAXSHSC,Papaya Activs,PapayaActivs Scalp Care Shampoo 250ml,0
47279,OB - PAXWBC,Papaya Activs,PapayaActivs Wounds & Burns Cream 75g,0
42910,OB - PASND,Paw By Blackmores,PAW NutriDerm Replenishing Shampoo (Oatmeal & Ceramides) (for dogs & cats) 200ml,0
47490,OB - PAE6SODM,Paw By Blackmores,Paw Essential6 SpotOnCare Dogs Medium (10 20kg) 1.2ml x4pip,0
47497,OB - PADEDM,Paw By Blackmores,PAW By Blackmores Dermoscent Essential Dog Mousse 150ml,0
54378,UN - PE63,Pbco,PBCO Xylitol Natural Sweetener 600g,1000
54364,UN - PE51,Pbco,Pbco. Oat & Raisin Cookie Mix No Sugar Added 350g,0
42050,OB - PVULBXS,Pelvi,Pelvi Leakproof Underwear Bikini Black XS,1000
42602,OB - PVULGBL,Pelvi,Pelvi Underwear Leakproof G String Beige L,1000
42911,OB - PVULFBM,Pelvi,Pelvi Leakproof Underwear Full Brief Black M,1000
45321,OB - PEBB,Percy's Products,Percy's Beta Boost 350g,0
46587,OB - POSBPCOW,Planet Organic,Planet Organic Organic Whole Black Peppercorns 50g,1000
46597,OB - POCINOGJ,Planet Organic,Planet Organic Organic Ground Cinnamon 250g,1000
47626,OB - POTCINOTB,Planet Organic,Planet Organic Cinnamon Herbal Tea 25 Tea Bags,1000
46642,OB - POSCLOOW,Planet Organic,Planet Organic Organic Whole Cloves 35g,0
2144,UN - MC04,Power Super Foods,Power Super Foods Maca Powder 350g,1000
6541,UN - CP33,Power Super Foods,Power Super Foods Cacao Nibs 500g,1000
62354,UN - CP51,Power Super Foods,Power Super Foods Wild Blueberry Powder Certified Organic  60g,1000
63079,UN - MC20,Power Super Foods,Power Super Foods Black Maca Powder Certified Organic 250g,1000
2191,UN - PX17,PPC Herbs,Ppc Herbs Tri Plex 50ml,1000
2192,UN - PX03,PPC Herbs,Ppc Herbs Canda Plex 100ml,1000
54536,UN - PX32,PPC Herbs,PPC HERBS Herbanica Herbal Tincture Echinamune Echinacea 100ml,1000
46770,OB - PNSTOTLL,Primal Nature,Primal Nature Stonebreaker Tea 100g,1000
42271,OB - PNRCL,Primal Nature,Primal Nature Rosehip Cleansing Lotion 125ml,0
41881,OB - PNRO,Primal Nature,Primal Nature Rosehip Oil 15ml,0
42274,OB - PNRBO,Primal Nature,Primal Nature Rosehip Body Oil 125ml,0
45723,OB - PNRASPK,Primal Nature,Primal Nature Raspberry Oil 15ml x 3 Pack,0
2215,UN - PT06,Protein Supplies Australia,Creatine 500g by Protein Supplies Australia,1000
2241,UN - PT31,Protein Supplies Australia,Pure (Unflavored) Slow and Grow Casein (MPI) 1kg by Protein Supplies Australia,1000
60946,OB - PSXPWPIV,Protein Supplies Australia,Protein Supplies Protein WPI Vanilla Bean 500g,1000
2223,UN - PT09,Protein Supplies Australia,Protein Supplies Australia Whey Protein Isolate (WPI) 3kg,0
2222,UN - PT08,Protein Supplies Australia,Protein Supplies Australia Whey Protein Concentrate (WPC) 3kg,0
6752,UN - PT60,Protein Supplies Australia,Protein Supplies Australia Raw Pure Pea Protein 3kg,0
6753,UN - PT69,Protein Supplies Australia,Protein Supplies Australia Chocolate Whey Protein Isolate (WPI) 3kg,0
54511,UN - PT106,Protein Supplies Australia,PROTEIN SUPPLIES AUST. Branched Chain Amino Acids Pine Coconut 200g,0
54518,UN - PT59,Protein Supplies Australia,PROTEIN SUPPLIES AUST. PeaPro (Raw Pea Protein) Vanilla Bean 3kg,0
46861,OB - PEXAC,Pure Eden,Pure Eden Activated Charcoal 150g,1000
45747,OB - PEXACS,Pure Eden,Pure Eden Activated Charcoal 70g,1000
42908,OB - PCPGFO,Pure Papayacare,Pure Papayacare Papaya Glow Face Oil 20ml,0
43012,OB - RLCOMM,Reach for Life,Reach For Life Complex Minerals XXL with Humic & Fulvic Acid 250ml,1000
47005,OB - RLOXYS,Reach for Life,Reach For Life Oxyrich 50ml,1000
47571,OB - RLCOLS,Reach for Life,Reach For Life Colloidal Silver 200ml,0
35639,RHF - BDM - 18129,Red Hill Fresh,Organic Wheat Grain Hard 20kg BULK,1
47825,BDM - Spelt_Grain,Red Hill Fresh,Organic Spelt Grain Demeter 20kg,0
54849,Copy of GBN - RSTP306,Red Seal,Red Seal Smokers Toothpaste 100g,6
54850,Copy of GBN - RSTP300,Red Seal,Red Seal Baking Soda Toothpaste 100g,2
23695,UN - RK27,Retrokitchen,Retrokitchen 100% Biodegradable Dishcloth Poinciana Leaves 1,0
33553,UN - RK11,Retrokitchen,Retrokitchen 100% Biodegradable Dishcloth Zebra x 1,0
33558,UN - RK34,Retrokitchen,Retrokitchen Carry Your Cutlery Criss Cross Stainless Steel Cutlery Set x 1,0
33559,UN - RK35,Retrokitchen,Retrokitchen Carry Your Cutlery Dragonfly Stainless Steel Cutlery Set x 1,0
54540,UN - RK60,Retrokitchen,Retrokitchen Compostable Sponge Cloth Blossom x 1,0
54543,UN - RK63,Retrokitchen,Retrokitchen Compostable Sponge Cloth Dragonfly x 1,0
42959,OB - ROBFCC,Rochway,Rochway Bio-Fermented Concentrate Coconut Water with Lemon Myrtle 500ml,0
46957,OB - SESSF,Salt of the Earth,Salt of the Earth Celtic Sea Salt Fine 650g,1000
47073,OB - SAXHF,Saltco,Saltco Heart Fluorite,1000
47301,OB - SAXSCLCBL,Saltco,Saltco Salt Crystal Lamp Cord Black 24 v,1000
42582,OB - SAXSSHSCXL,Saltco,SaltCo Secret Squirrel Pure Himalayan Salt Cooking 3.5kg,0
43073,OB - SWCODS,Seven Wonders,Seven Wonders Natural HairCare Coconut Oil Dry Shampoo Spray 150ml,0
47218,OB - SWMTC,Seven Wonders,Seven Wonders Moroccan Argan Oil Conditioner 250ml,0
41900,OB - SISILSPK,Silicea,Silicea Body Essentials Silicea Sachets (1 a day) 15mlx 30 Packet,0
29941,GBN - SCLM125,Simply Clean,Simply Clean Eucalyptus Laundry 15kg,0
46334,OB - SMXAJP,Spectrum Herbal,Spectrum Herbal Arthritis and Joint Pain 50ml,1000
47546,OB - SMXRSA,Spectrum Herbal,Spectrum Herbal Restful Sleep Aid 50ml,0
61903,OB - STFSMBOL,Stoney Creek,Stoney Creek Organic Flaxseed Meal Brown 1kg,1
46870,OB - STFSMGO,Stoney Creek,Stoney Creek Organic Flaxseed Meal Golden 500g,0
47482,OB - STFSOGS,Stoney Creek,Stoney Creek Organic Golden Flaxseed Oil 280ml,0
54587,UN - SUM16,Summer Salt Body,Summer Salt Body Essential Oil Roller Bliss Sodalite Crystals 10ml,1000
3018,KAD - 99766,Sun Valley,Sun Valley Box 100% True Fruit Strips Apple 120g,1000
46999,OB - SWXSDSLCOL,Sweet Leaf,Sweet Leaf Sweet Drops Stevia Liquid Cola 60ml,1000
42273,OB - SWXSWDSK,Sweet Leaf,Sweet Leaf Stevia Water Drops Strawberry Kiwi 48ml,0
46253,OB - SYWGOP,Synergy Natural,Synergy Natural Organic Wheat Grass Powder 200g,1000
45283,OB - SYWGOPS,Synergy Natural,Synergy Natural Organic Wheat Grass Powder 100g,1000
42808,OB - SYSPIOPL,Synergy Natural,Synergy Natural Organic Spirulina Powder 500g,1000
47307,OB - SYSGOPL,Synergy Natural,Synergy Natural Organic Super Greens Powder 500g,1000
42003,OB - SYWGOPL,Synergy Natural,Synergy Natural Organic Wheat Grass Powder 500 g,0
42685,OB - SYWGOPM,Synergy Natural,Synergy Natural Organic Wheat Grass Powder 500g,0
46965,OB - SYSPIOTXL,Synergy Natural,Synergy Natural Organic Spirulina 500mg 1000t,0
47595,OB - SYWGP,Synergy Natural,Synergy Natural Premium Wheat Grass Powder 200g,0
41842,OB - TTOTTCT,Tea Tonic,Tea Tonic Oriental Twist Tea Tin 160g,1000
45311,OB - TTATTCT,Tea Tonic,Tea Tonic Apple Tree Tea Tin 245g,1000
45314,OB - TTCOCTCT,Tea Tonic,Tea Tonic Coconut Tea Tin 200g,1000
34820,KIK - TEE-TRE-50,Teelixir,Teelixir Certified Organic Tremella Mushroom Powder 50g,1000
34824,KIK - TEE-IMM-50,Teelixir,Teelixir Certified Organic Mushroom Immunity Blend Powder 50g,1000
61858,KIK - TEE-PCHA-50,Teelixir,Teelixir Organic Pure Chaga Mushroom 50g,1000
61859,KIK - TEE-BEEP-100 ,Teelixir,Teelixir Australian Bee Pollen 100g,1000
61862,KIK -TEE-PEA-50,Teelixir,Teelixir Pearl Beauty Tonic 50g,1000
61898,KIK - TEE-LEM-250 ,Teelixir,TLXR Sparkling Mushroom Elixir - Lemon Myrtle 250ml ,1000
61899,KIK - TEE-MAN-250,Teelixir,TLXR Sparkling Mushroom Elixir - Mandarin 250ml,1000
61896,KIK - TEE-MES-50,Teelixir,Teelixir Meshima Mushroom 50g,1000
61897,KIK - TEE-BLA-250,Teelixir, TLXR Sparkling Mushroom Elixir - Blackcurrant 250ml,1000
61910,KIK - TEE-COR-250,Teelixir,Teelixir Certified Organic Cordyceps Mushroom Powder 250g,1000
61924,KIK - TEE-AST-250,Teelixir,Teelixir Certified Organic Astragalus Root Powder 250g,1000
61934,KIK - TEE-TRE-500,Teelixir,Teelixir Certified Organic Tremella Mushroom Powder 500g,1000
61936,KIK - TEE-TT-250,Teelixir,Teelixir Certified Organic Turkey Tail Mushroom Powder 250g,1000
61938,KIK - TEE-TT-1000,Teelixir,Teelixir Certified Organic Turkey Tail Mushroom Powder 1000g,1000
61941,KIK -TEE-PEA-500,Teelixir,Teelixir Pearl Beauty Tonic 500g,1000
61952,KIK - TEE-TUR-1000,Teelixir,Teelixir Certified Organic Mushroom Turmeric Latte with Cordyceps 1000g,1000
61951,KIK - TEE-TUR-500,Teelixir,Teelixir Certified Organic Mushroom Turmeric Latte with Cordyceps 500g,1000
61968,KIK -TEE-SHI-30,Teelixir,Teelixir Shilajit Resin 30g with metal spoon,1000
62847,UN - GP43,The Ginger People,The Ginger People Gin Gins Ginger Candy Chewy Original 12 x 84g,1000
62852,UN - GP53,The Ginger People,The Ginger People Gingerade Honey & Lemon 360ml,1000
62860,UN - GP73,The Ginger People,The Ginger People Gin Gins Ginger Candy Chewy Spicy Turmeric 12 x 150g,1000
42355,OB - LCXLF,The Lupin Co,The Lupin Co Lupin Flakes 400g,1000
45368,OB - NFXTBIDRMPK,The Natural Family Co,The Nat Family Co Toothbrush IvoryDes and River Mnt Twin Packet,0
42363,OB - NFXTBIDPBPK,The Natural Family Co,The Nat Family Co Toothbrush Ivory Des and Pirate Twin Packet,0
46842,OB - NFXTBPBMMPK,The Natural Family Co,The Nat Family Co Toothbrush Pirate Blk and Monsoon Twin Packet,0
46853,OB - NFXMW,The Natural Family Co,The Natural Family Co. Natural Mouthwash (with Native Australian River Mint) 354ml,0
6668,UN - TM58,Tom Organic,Tom Organic Maternity Pads Ultra Absorbent For Post Birth,0
33619,UN - TM25,Tom Organic,Tom Organic Pads Overnight x 8,0
43039,OB - VAOLB,Vabori,Vabori Olive Leaf Extract  Mixd Berry Flavour 500ml,0
54655,UN - VE21,Vego,Vego Hazelnut Chocolate Spread Crunchy 6x200g,0
33667,UN - VTA33,Vitawerx,"Vitawerx Keto Mayo Living On The Edge Turmeric, Ginger & Garlic 350ml",1000
2492,UN - VR64,Vrindavan,Clove Leaf Oil 25ml By Vrindavan,1000
2504,UN - VR67,Vrindavan,Vrindavan Organic Castor Oil 250ml,1000
6221,UN - VR68,Vrindavan,Mould Solution Surface Spray 750ml By Vrindavan,1000
23716,UN - VR123,Vrindavan,Vrindavan Hand Sanitizer Tea Tree & Oregano 60Ml,0
19695,UN - WEL53,Weleda,Weleda Hydrating Night Cream Iris 30ml,1000
19735,UN - WEL131,Weleda,Weleda Gentle Cleansing Foam Witch Hazel 150ml,1000
19777,UN - WEL226,Weleda,Weleda Mouthwash Concentrate  Ratanhia 50ml,1000
23725,UN - WEL116,Weleda,Weleda Skin FoodLight 30ml,1000
42782,OB - WENCBALO,Weleda,Weleda Night Cream Iris (Moisture Balancing) Hydrating 30ml,1000
47298,OB - WEFCSENO,Weleda,Weleda Facial Cream Almond (Sensitive) Soothing 30ml,1000
47334,OB - WEBBLCO,Weleda,Weleda Baby Body Lotion Calendula 200ml,1000
47488,OB - WEBNCCCO,Weleda,Weleda Baby Nappy Change Cream Calendula 75ml,1000
54773,UN - WEL80,Weleda,Weleda Regenerating Body Lotion Pomegranate 200ml,1000
63185,Copy of OB - WEOCTRATO,Weleda,Weleda Toothpaste Ratanhia 75ml - ON SALE BB 09/26,5
19715,UN - WEL86,Weleda,Weleda Pomegranate Firming Day Cream 30ml,0
41961,OB - WEBWCCIT,Weleda,Weleda Body Wash Creamy Citrus 200ml,0
42893,OB - WERLBSO,Weleda,Weleda Refining Lotion Willow Bark (Blemished) 30ml,0
42051,OB - WEELCARO,Weleda,Weleda Eye Lip Cream Evening Primrose (Mature) Age Rev 10ml,0
42897,OB - WEBWCP,Weleda,Weleda Pomegranate Creamy Body Wash 200ml,0
42608,OB - WERCC,Weleda,Weleda Rose-Calendula Creme 36ml,0
42863,OB - WEBWCSB,Weleda,Weleda Sea Buckthorn Creamy Body Wash 200ml,0
47092,OB - WEMNCCO,Weleda,Weleda Nipple Care Cream 36ml,0
47351,OB - WEDCARO,Weleda,Weleda Day Cream Evening Primrose (Mature) Age Revit 30ml,0
42079,OB - WE7DSPSAGOS,Weleda,Weleda Deodorant Sage Spray 100ml,0
54749,UN - WEL255,Weleda,Weleda 24h Hydrating Facial Cream Cactus 30ml,0
54717,UN - WBL38,Wheatbags Love,Wheatbags Love Eye Mask - Luxe Linen Slate x 1,0
54723,UN - WBL41,Wheatbags Love,Wheatbags Love Eye Mask - Luxe Linen Copper x 1,0
47256,OB - WEXSOWA,Whole Earth Sea,Whole Earth & Sea Salmon Oil Wild Alaskan 1.2g 60c,0
19929,KAD - 482189,Wild,Wild Apple and Guava Juice Organic 360ml,1000
2511,UN - WD01,Wild,Wild Gentle Shampoo 250ml,1000
42809,OB - WHDPMT,Woohoo,Woohoo Deodorant Paste Mellow (Sensitive) Tin 60g,1000
47215,OB - WHDPWT,Woohoo,Woohoo Deodorant Paste Wild (Ultra Strength Unisex) Tin 60g,1000
2521,UN - WN02,Wotnot,Wotnot Nappy Bags 50 Bags,1000
2526,UN - WN33,Wotnot,Wotnot Wipes x 20 Wipes,1000
47243,OB - WOFWDC,Wotnot,Wotnot Facial Wipes Deep Cleansing x 25 Pack (soft pack),0
54785,UN - WN63,Wotnot,Wotnot Certified Organic Self Tan Mousse Ultra Dark 150ml,0
2547,UN - YT48,Yogi Tea,Yogi Tea Ginger Tea Bags 16 Bags,1000
